Player,Pos,Age,Tm,MP,FG%,3P%,eFG%,FT%,TRB,AST,STL,BLK,TOV,PTS
Precious Achiuwa,C,22,TOR,23.6,0.439,0.359,0.486,0.595,6.5,1.1,0.5,0.6,1.2,9.1
Steven Adams,C,28,MEM,26.3,0.547,0,0.547,0.543,10,3.4,0.9,0.8,1.5,6.9
Bam Adebayo,C,24,MIA,32.6,0.557,0,0.557,0.753,10.1,3.4,1.4,0.8,2.6,19.1
Santi Aldama,PF,21,MEM,11.3,0.402,0.125,0.424,0.625,2.7,0.7,0.2,0.3,0.5,4.1
LaMarcus Aldridge,C,36,BRK,22.3,0.55,0.304,0.566,0.873,5.5,0.9,0.3,1,0.9,12.9
Nickeil Alexander-Walker,SG,23,TOT,22.6,0.372,0.311,0.449,0.743,2.9,2.4,0.7,0.4,1.4,10.6
Nickeil Alexander-Walker,SG,23,NOP,26.3,0.375,0.311,0.45,0.722,3.3,2.8,0.8,0.4,1.7,12.8
Nickeil Alexander-Walker,SG,23,UTA,9.9,0.333,0.303,0.438,0.917,1.5,1.1,0.3,0.3,0.5,3.5
Grayson Allen,SG,26,MIL,27.3,0.448,0.409,0.588,0.865,3.4,1.5,0.7,0.3,0.7,11.1
Jarrett Allen,C,23,CLE,32.3,0.677,0.1,0.678,0.708,10.8,1.6,0.8,1.3,1.7,16.1
Jose Alvarado,PG,23,NOP,15.4,0.446,0.291,0.5,0.679,1.9,2.8,1.3,0.1,0.7,6.1
Justin Anderson,SF,28,TOT,19.8,0.379,0.254,0.458,0.789,2.9,2.1,0.5,0.4,0.5,6.4
Justin Anderson,SF,28,CLE,15.7,0.5,0.333,0.625,0.75,2,2,0.3,0,0.7,4.3
Justin Anderson,SF,28,IND,20.7,0.368,0.245,0.443,0.8,3.1,2.1,0.5,0.5,0.5,6.8
Kyle Anderson,PF,28,MEM,21.5,0.446,0.33,0.484,0.638,5.3,2.7,1.1,0.7,1,7.6
Giannis Antetokounmpo,PF,27,MIL,32.9,0.553,0.293,0.582,0.722,11.6,5.8,1.1,1.4,3.3,29.9
Thanasis Antetokounmpo,SF,29,MIL,9.9,0.547,0.143,0.555,0.63,2.1,0.5,0.3,0.3,0.5,3.6
Carmelo Anthony,PF,37,LAL,26,0.441,0.375,0.544,0.83,4.2,1,0.7,0.8,0.9,13.3
Cole Anthony,PG,21,ORL,31.7,0.391,0.338,0.464,0.854,5.4,5.7,0.7,0.3,2.6,16.3
OG Anunoby,SF,24,TOR,36,0.443,0.363,0.526,0.754,5.5,2.6,1.5,0.5,1.7,17.1
Ryan Arcidiacono,PG,27,NYK,7.6,0.5,0.444,0.667,0,0.8,0.4,0.1,0,0.3,1.6
Trevor Ariza,SF,36,LAL,19.3,0.333,0.27,0.434,0.556,3.4,1.1,0.5,0.3,0.5,4
D.J. Augustin,PG,34,TOT,16.1,0.423,0.415,0.577,0.884,1.2,1.9,0.3,0,1,5.3
D.J. Augustin,PG,34,HOU,15,0.404,0.406,0.548,0.868,1.2,2.2,0.3,0,1.3,5.4
D.J. Augustin,PG,34,LAL,17.8,0.453,0.426,0.622,1,1.3,1.6,0.3,0,0.5,5.3
Deni Avdija,SF,21,WAS,24.2,0.432,0.317,0.503,0.757,5.2,2,0.7,0.5,1.1,8.4
Joel Ayayi,SG,21,WAS,2.9,0.167,0,0.167,0,0.4,0.6,0,0,0,0.3
Deandre Ayton,C,23,PHO,29.5,0.634,0.368,0.639,0.746,10.2,1.4,0.7,0.7,1.6,17.2
Udoka Azubuike,C,22,UTA,11.5,0.755,0,0.755,0.545,4.2,0,0.1,0.6,0.7,4.7
Marvin Bagley III,PF,22,TOT,23.9,0.504,0.237,0.53,0.663,7,0.8,0.5,0.4,0.8,11.3
Marvin Bagley III,PF,22,SAC,21.9,0.463,0.242,0.494,0.745,7.2,0.6,0.3,0.4,0.7,9.3
Marvin Bagley III,PF,22,DET,27.2,0.555,0.229,0.575,0.593,6.8,1.1,0.7,0.4,1,14.6
LaMelo Ball,PG,20,CHO,32.3,0.429,0.389,0.517,0.872,6.7,7.6,1.6,0.4,3.3,20.1
Lonzo Ball,PG,24,CHI,34.6,0.423,0.423,0.567,0.75,5.4,5.1,1.8,0.9,2.3,13
Mo Bamba,C,23,ORL,25.7,0.48,0.381,0.566,0.781,8.1,1.2,0.5,1.7,1.1,10.6
Desmond Bane,SF,23,MEM,29.8,0.461,0.436,0.565,0.903,4.4,2.7,1.2,0.4,1.5,18.2
Dalano Banton,SF,22,TOR,10.9,0.411,0.255,0.443,0.591,1.9,1.5,0.4,0.2,0.8,3.2
Cat Barber,PG,27,ATL,4.3,0,0,0,0,1,1,0,0,0.3,0
Harrison Barnes,PF,29,SAC,33.6,0.469,0.394,0.554,0.826,5.6,2.4,0.7,0.2,1.5,16.4
Scottie Barnes,PF,20,TOR,35.4,0.492,0.301,0.524,0.735,7.5,3.5,1.1,0.7,1.8,15.3
RJ Barrett,SF,21,NYK,34.5,0.408,0.342,0.466,0.714,5.8,3,0.6,0.2,2.2,20
Will Barton,SG,31,DEN,32.1,0.438,0.365,0.525,0.803,4.8,3.9,0.8,0.4,1.8,14.7
Paris Bass,SF,26,PHO,3.5,0.333,0,0.333,1,2,0,0.5,0,1,3
Charles Bassey,PF,21,PHI,7.3,0.638,0,0.638,0.75,2.7,0.3,0.2,0.7,0.3,3
Keita Bates-Diop,SF,26,SAS,16.2,0.517,0.309,0.549,0.754,3.9,0.7,0.5,0.2,0.8,5.7
Nicolas Batum,PF,33,LAC,24.8,0.463,0.4,0.602,0.658,4.3,1.7,1,0.7,0.7,8.3
Kent Bazemore,SF,32,LAL,14,0.324,0.363,0.428,0.765,1.8,0.9,0.6,0.2,0.5,3.4
Darius Bazley,PF,21,OKC,27.9,0.422,0.297,0.484,0.688,6.3,1.4,0.8,1,1.3,10.8
Bradley Beal,SG,28,WAS,36,0.451,0.3,0.492,0.833,4.7,6.6,0.9,0.4,3.4,23.2
Malik Beasley,SG,25,MIN,25,0.391,0.377,0.532,0.817,2.9,1.5,0.5,0.2,0.5,12.1
Jordan Bell,C,27,CHI,2,0,0,0,0,1,0,1,0,0,0
DeAndre' Bembry,SF,27,TOT,18.3,0.561,0.417,0.595,0.6,2.9,1.2,0.9,0.4,0.6,5.1
DeAndre' Bembry,SF,27,BRK,19.8,0.568,0.417,0.603,0.6,3.2,1.3,1,0.5,0.6,5.8
DeAndre' Bembry,SF,27,MIL,9.6,0.375,0,0.375,0,1.4,0.8,0.3,0,0.1,0.8
Davis Bertans,PF,29,TOT,14.4,0.36,0.335,0.5,0.9,2.1,0.6,0.3,0.2,0.3,5.6
Davis Bertans,PF,29,WAS,14.7,0.351,0.319,0.485,0.933,1.8,0.5,0.3,0.2,0.4,5.7
Davis Bertans,PF,29,DAL,13.9,0.375,0.36,0.524,0.8,2.5,0.7,0.3,0.3,0.2,5.3
Patrick Beverley,PG,33,MIN,25.4,0.406,0.343,0.501,0.722,4.1,4.6,1.2,0.9,1.3,9.2
Saddiq Bey,SF,22,DET,33,0.396,0.346,0.489,0.827,5.4,2.8,0.9,0.2,1.2,16.1
Khem Birch,C,29,TOR,18,0.485,0,0.485,0.746,4.3,1,0.5,0.5,0.5,4.5
Goga Bitadze,C,22,IND,14.6,0.52,0.288,0.565,0.681,3.5,1.1,0.4,0.8,0.9,7
Bismack Biyombo,C,29,PHO,14.1,0.593,0,0.593,0.535,4.6,0.6,0.3,0.7,0.7,5.8
Nemanja Bjelica,C,33,GSW,16.1,0.468,0.362,0.547,0.728,4.1,2.2,0.6,0.4,1.2,6.1
Eric Bledsoe,PG,32,LAC,25.2,0.421,0.313,0.475,0.761,3.4,4.2,1.3,0.4,2.1,9.9
Keljin Blevins,SF,26,POR,11.3,0.306,0.292,0.401,0.545,1.5,0.6,0.4,0,0.5,3.1
Bogdan Bogdanovic,SG,29,ATL,29.3,0.431,0.368,0.537,0.843,4,3.1,1.1,0.2,1.1,15.1
Bojan Bogdanovic,PF,32,UTA,30.9,0.455,0.387,0.552,0.858,4.3,1.7,0.5,0,1.7,18.1
Bol Bol,PF,22,DEN,5.8,0.556,0.25,0.574,0.4,1.4,0.4,0.1,0.1,0.3,2.4
Leandro Bolmaro,SF,21,MIN,6.9,0.315,0.278,0.361,0.846,1.2,0.6,0.2,0,0.4,1.4
Isaac Bonga,SF,22,TOR,4.6,0.231,0.25,0.269,0.625,0.5,0.3,0.5,0.1,0.1,0.8
Devin Booker,SG,25,PHO,34.5,0.466,0.383,0.53,0.868,5,4.8,1.1,0.4,2.4,26.8
Brandon Boston Jr.,SG,20,LAC,14.9,0.385,0.306,0.437,0.819,2.2,1,0.5,0.3,0.6,6.7
Chris Boucher,PF,29,TOR,21.1,0.464,0.297,0.523,0.777,6.2,0.3,0.6,0.9,0.5,9.4
James Bouknight,SG,21,CHO,9.8,0.348,0.347,0.408,0.871,1.7,0.8,0.2,0,0.5,4.6
Avery Bradley,SG,31,LAL,22.7,0.423,0.39,0.54,0.889,2.2,0.8,0.9,0.1,0.6,6.4
Tony Bradley,C,24,CHI,10,0.585,0,0.585,0.655,3.4,0.5,0.2,0.6,0.6,3
Ignas Brazdeikis,SF,23,ORL,12.8,0.431,0.31,0.503,0.656,1.7,0.9,0.2,0.1,0.4,5
Mikal Bridges,SF,25,PHO,34.8,0.534,0.369,0.601,0.834,4.2,2.3,1.2,0.4,0.8,14.2
Miles Bridges,PF,23,CHO,35.5,0.491,0.331,0.554,0.802,7,3.8,0.9,0.8,1.9,20.2
Oshae Brissett,SF,23,IND,23.3,0.411,0.35,0.493,0.695,5.3,1.1,0.7,0.4,0.8,9.1
Malcolm Brogdon,PG,29,IND,33.5,0.448,0.312,0.501,0.856,5.1,5.9,0.8,0.4,2.1,19.1
Armoni Brooks,SG-PG,23,TOT,15.6,0.339,0.297,0.467,0.857,1.9,1.1,0.5,0.2,0.5,5.3
Armoni Brooks,SG,23,HOU,16.8,0.347,0.3,0.474,0.842,2,1.2,0.5,0.2,0.6,6.2
Armoni Brooks,PG,23,TOR,11.8,0.289,0.278,0.421,1,1.7,1,0.5,0.2,0.3,2.6
Dillon Brooks,SF,26,MEM,27.7,0.432,0.309,0.475,0.849,3.2,2.8,1.1,0.3,1.6,18.4
Bruce Brown,SF,25,BRK,24.6,0.506,0.404,0.543,0.758,4.8,2.1,1.1,0.7,0.8,9
Charlie Brown Jr.,SG,24,TOT,8,0.256,0.083,0.269,0.9,1.5,0.3,0.5,0.2,0.2,1.4
Charlie Brown Jr.,SG,24,DAL,5,0.2,0,0.2,0,0.3,0.3,0.7,0.3,0,0.7
Charlie Brown Jr.,SG,24,PHI,8.5,0.265,0.111,0.279,0.9,1.6,0.3,0.4,0.2,0.3,1.5
Chaundee Brown Jr.,SG-SF,23,TOT,20.8,0.313,0.333,0.406,0.833,3.2,0.8,0.4,0,0.2,6.2
Chaundee Brown Jr.,SF,23,LAL,10.5,0.143,0,0.143,0,1,0,0,0,0.5,1
Chaundee Brown Jr.,SG,23,ATL,27.7,0.36,0.4,0.48,0.833,4.7,1.3,0.7,0,0,9.7
Greg Brown III,SF,20,POR,13.3,0.426,0.311,0.476,0.677,2.8,0.7,0.5,0.5,0.8,4.7
Jaylen Brown,SF,25,BOS,33.6,0.473,0.358,0.541,0.758,6.1,3.5,1.1,0.3,2.7,23.6
Moses Brown,C,22,TOT,8.6,0.593,0,0.593,0.597,3.4,0,0.2,0.4,0.5,4.3
Moses Brown,C,22,DAL,6.5,0.54,0,0.54,0.628,2.3,0,0.1,0.3,0.5,3.1
Moses Brown,C,22,CLE,12.6,0.638,0,0.638,0.552,5.3,0,0.3,0.5,0.4,6.4
Sterling Brown,SG,26,DAL,12.8,0.381,0.304,0.471,0.933,3,0.7,0.3,0.1,0.5,3.3
Troy Brown Jr.,SF,22,CHI,16,0.419,0.353,0.51,0.769,3.1,1,0.5,0.1,0.4,4.3
Jalen Brunson,PG,25,DAL,31.9,0.502,0.373,0.549,0.84,3.9,4.8,0.8,0,1.6,16.3
Thomas Bryant,C,24,WAS,16.3,0.52,0.286,0.561,0.875,4,0.9,0.2,0.8,0.7,7.4
Shaq Buchanan,PG,25,MEM,5,0.25,0,0.25,0,1,1,0.5,0,1,1
Reggie Bullock,SF,30,DAL,28,0.401,0.36,0.542,0.833,3.5,1.2,0.6,0.2,0.6,8.6
Trey Burke,PG,29,DAL,10.5,0.391,0.317,0.451,0.87,0.8,1.4,0.3,0,0.6,5.1
Alec Burks,SG,30,NYK,28.6,0.391,0.404,0.499,0.822,4.9,3,1,0.3,1.1,11.7
Jared Butler,SG,21,UTA,8.6,0.404,0.318,0.497,0.688,1.1,1.5,0.4,0.2,0.8,3.8
Jimmy Butler,SF,32,MIA,33.9,0.48,0.233,0.496,0.87,5.9,5.5,1.6,0.5,2.1,21.4
Devontae Cacok,PF,25,SAS,8.1,0.677,0,0.677,0.571,2.8,0.4,0.5,0.5,0.2,3.1
Kentavious Caldwell-Pope,SG,28,WAS,30.2,0.435,0.39,0.531,0.89,3.4,1.9,1.1,0.3,1.3,13.2
Facundo Campazzo,PG,30,DEN,18.2,0.361,0.301,0.459,0.769,1.8,3.4,1,0.4,1,5.1
Vlatko Cancar,PF,24,DEN,11.7,0.561,0.583,0.646,0.643,2.1,1.1,0.1,0.2,0.6,4.1
Devin Cannady,PG,25,ORL,29,0.341,0.405,0.511,0.714,1.2,2,1,0.6,1,10
Clint Capela,C,27,ATL,27.6,0.613,0,0.613,0.473,11.9,1.2,0.7,1.3,0.6,11.1
Vernon Carey Jr.,C,20,TOT,6.3,0.538,0,0.538,0.462,1.7,0,0.3,0.1,0.4,2.9
Vernon Carey Jr.,C,20,CHO,4.3,0.5,0,0.5,0.667,1.3,0,0.3,0,0.3,2
Vernon Carey Jr.,C,20,WAS,9,0.571,0,0.571,0.4,2.3,0,0.3,0.3,0.7,4
Jevon Carter,PG,26,TOT,13.7,0.387,0.388,0.518,0.833,1.7,1.5,0.4,0.2,0.5,4.2
Jevon Carter,PG,26,BRK,12,0.333,0.331,0.454,0.7,1.5,1,0.3,0.2,0.6,3.6
Jevon Carter,PG,26,MIL,17.7,0.506,0.558,0.658,1,2.2,2.5,0.5,0.2,0.4,5.6
Wendell Carter Jr.,C,22,ORL,29.9,0.525,0.327,0.576,0.691,10.5,2.8,0.6,0.7,1.9,15
Alex Caruso,SG,27,CHI,28,0.398,0.333,0.48,0.795,3.6,4,1.7,0.4,1.4,7.4
Willie Cauley-Stein,C,28,TOT,9.2,0.457,0.5,0.471,0.5,2,0.5,0.3,0.2,0.4,1.7
Willie Cauley-Stein,C,28,DAL,9.8,0.457,0.5,0.471,0.5,2.1,0.5,0.3,0.2,0.4,1.9
Willie Cauley-Stein,C,28,PHI,3,0,0,0,0,1,0.5,0,0,0,0
Ahmad Caver,PG,25,IND,1,1,0,1,0,0,0,0,0,0,2
Justin Champagnie,SF,20,TOR,7.8,0.463,0.357,0.537,1,2,0.3,0.2,0.1,0.2,2.3
Zylan Cheatham,SF,26,UTA,5,0,0,0,0,0,0,0,0,0,0
Chris Chiozza,PG,26,GSW,10.9,0.296,0.321,0.401,0.667,1.1,1.9,0.4,0,0.9,2
Marquese Chriss,PF,24,DAL,10.2,0.463,0.32,0.493,0.667,3,0.5,0.4,0.4,0.5,4.5
Josh Christopher,SG,20,HOU,18,0.448,0.296,0.504,0.735,2.5,2,0.9,0.2,1.5,7.9
Gary Clark,PF,27,NOP,9.9,0.375,0.4,0.534,0.7,2.4,0.5,0.3,0.2,0.3,2.7
Brandon Clarke,PF,25,MEM,19.5,0.644,0.227,0.65,0.654,5.3,1.3,0.6,1.1,0.5,10.4
Jordan Clarkson,SG,29,UTA,27.1,0.419,0.318,0.504,0.828,3.5,2.5,0.8,0.2,1.6,16
Nic Claxton,C,22,BRK,20.7,0.674,0,0.674,0.581,5.6,0.9,0.5,1.1,0.8,8.7
Amir Coffey,SG,24,LAC,22.7,0.453,0.378,0.556,0.863,2.9,1.8,0.6,0.2,0.7,9
John Collins,PF,24,ATL,30.8,0.526,0.364,0.576,0.793,7.8,1.8,0.6,1,1.1,16.2
Zach Collins,PF,24,SAS,17.9,0.49,0.341,0.535,0.8,5.5,2.2,0.5,0.8,1.6,7.8
Darren Collison,PG,34,LAL,12.3,0.286,0,0.286,0,1.3,0.7,0.3,0,0.3,1.3
Mike Conley,PG,34,UTA,28.6,0.435,0.408,0.542,0.796,3,5.3,1.3,0.3,1.7,13.7
Pat Connaughton,SG,29,MIL,26,0.458,0.395,0.605,0.833,4.2,1.3,0.9,0.2,0.5,9.9
Tyler Cook,PF,24,CHI,10,0.605,0,0.605,0.656,2.7,0.2,0.2,0.2,0.4,3.4
Sharife Cooper,PG,20,ATL,3,0.214,0.167,0.25,0,0.4,0.4,0,0,0.4,0.5
Petr Cornelie,PF,26,DEN,2.9,0.333,0.125,0.367,0.75,1.1,0.2,0.1,0.1,0.3,1.1
DeMarcus Cousins,C,31,TOT,15,0.46,0.303,0.517,0.76,5.6,1.5,0.7,0.4,1.8,9
DeMarcus Cousins,C,31,MIL,16.9,0.466,0.271,0.521,0.816,5.8,1.1,0.9,0.5,0.9,9.1
DeMarcus Cousins,C,31,DEN,13.9,0.456,0.324,0.515,0.736,5.5,1.7,0.6,0.4,2.2,8.9
Robert Covington,PF-SF,31,TOT,27.3,0.42,0.378,0.548,0.841,5.5,1.3,1.5,1.3,1.1,8.5
Robert Covington,PF,31,POR,29.8,0.381,0.343,0.499,0.833,5.7,1.4,1.5,1.3,1.2,7.6
Robert Covington,SF,31,LAC,22.1,0.5,0.45,0.651,0.848,5.1,1,1.3,1.2,0.7,10.4
Torrey Craig,SF,31,TOT,20.5,0.454,0.329,0.541,0.75,4,1.2,0.6,0.5,0.9,6.6
Torrey Craig,SF,31,IND,20.3,0.456,0.333,0.537,0.771,3.8,1.1,0.5,0.4,0.8,6.5
Torrey Craig,SF,31,PHO,20.8,0.45,0.323,0.547,0.706,4.3,1.2,0.8,0.6,1,6.9
Jae Crowder,PF,31,PHO,28.1,0.399,0.348,0.516,0.789,5.3,1.9,1.4,0.4,0.8,9.4
Jarrett Culver,SG,22,MEM,9.1,0.378,0.255,0.422,0.471,1.3,0.9,0.5,0.1,0.5,3.5
Jarron Cumberland,SG,24,POR,4,0.5,0,0.5,0,1,0.3,0,0,0,0.7
Cade Cunningham,PG,20,DET,32.6,0.416,0.314,0.471,0.845,5.5,5.6,1.2,0.7,3.7,17.4
Seth Curry,SG,31,TOT,33.4,0.487,0.422,0.594,0.872,3.1,3.6,0.8,0.2,1.7,15
Seth Curry,SG,31,PHI,34.8,0.485,0.4,0.58,0.877,3.4,4,0.8,0.2,1.9,15
Seth Curry,SG,31,BRK,29.9,0.493,0.468,0.63,0.857,2.6,2.6,0.9,0.2,1.3,14.9
Stephen Curry,PG,33,GSW,34.5,0.437,0.38,0.554,0.923,5.2,6.3,1.3,0.4,3.2,25.5
Anthony Davis,C,28,LAL,35.1,0.532,0.186,0.542,0.713,9.9,3.1,1.2,2.3,2.1,23.2
Ed Davis,C,32,CLE,6.5,0.688,0,0.688,0.429,2.1,0.2,0.1,0.3,0.2,0.9
Terence Davis,SG,24,SAC,17.9,0.423,0.329,0.515,0.818,3.1,1.3,0.8,0.4,1.1,10.4
Gabriel Deck,PF,26,OKC,8,0.571,0.5,0.643,0,0.9,0.7,0.1,0,0.3,2.6
Dewayne Dedmon,C,32,MIA,15.9,0.566,0.404,0.598,0.75,5.8,0.7,0.4,0.6,1,6.3
Sam Dekker,PF,27,TOR,1,0,0,0,0,0,0,0,0,0,0
Javin DeLaurier,C,23,MIL,3,0,0,0,0,1,0,1,0,0,0
DeMar DeRozan,PF,32,CHI,36.1,0.504,0.352,0.521,0.877,5.2,4.9,0.9,0.3,2.4,27.9
Mamadi Diakite,PF,25,OKC,14.5,0.532,0,0.532,0.545,4.5,0.2,0.4,0.7,0.5,4.3
Cheick Diallo,C,25,DET,10.3,0.375,0,0.375,0.833,4,0,0.3,0,0.3,3.7
Hamidou Diallo,SG,23,DET,21.9,0.496,0.247,0.518,0.65,4.8,1.3,1.2,0.3,1,11
Gorgui Dieng,C,32,ATL,8.4,0.473,0.426,0.603,0.731,2.8,0.8,0.3,0.3,0.5,3.5
Spencer Dinwiddie,PG,28,TOT,29.6,0.416,0.339,0.493,0.774,4.2,5.2,0.7,0.2,1.6,13.7
Spencer Dinwiddie,PG,28,WAS,30.2,0.376,0.31,0.447,0.811,4.7,5.8,0.6,0.2,1.7,12.6
Spencer Dinwiddie,PG,28,DAL,28.3,0.498,0.404,0.584,0.725,3.1,3.9,0.7,0.3,1.3,15.8
Donte DiVincenzo,SG,25,TOT,24,0.351,0.339,0.461,0.843,4,2.8,1.1,0.2,1.7,9
Donte DiVincenzo,SG,25,MIL,20.1,0.331,0.284,0.419,0.852,3.5,1.7,0.6,0.2,1.6,7.2
Donte DiVincenzo,SG,25,SAC,26.6,0.362,0.368,0.484,0.839,4.4,3.6,1.5,0.2,1.8,10.3
Luka Doncic,PG,22,DAL,35.4,0.457,0.353,0.529,0.744,9.1,8.7,1.2,0.6,4.5,28.4
Luguentz Dort,SF,22,OKC,32.6,0.404,0.332,0.493,0.843,4.2,1.7,0.9,0.4,1.7,17.2
Ayo Dosunmu,SG,22,CHI,27.4,0.52,0.376,0.585,0.679,2.8,3.3,0.8,0.4,1.4,8.8
Damyean Dotson,SG,27,NYK,10.5,0.5,0,0.5,0,1,0.5,0,0,0,2
Devon Dotson,PG,22,CHI,7.7,0.478,0.222,0.522,0.556,0.8,1.4,0.1,0,0.5,2.6
Sekou Doumbouya,PF,21,LAL,8,0.625,0.5,0.688,0.75,3,0,1.5,1,1,7
Jeff Dowtin,PG,24,TOT,12,0.308,0.111,0.327,1,2,1.1,0.6,0.1,0.6,2.1
Jeff Dowtin,PG,24,GSW,7,0.5,0,0.5,0,1.8,0.8,0,0.3,0.3,1.5
Jeff Dowtin,PG,24,MIL,3,0,0,0,0,0,0,0,0,0,0
Jeff Dowtin,PG,24,ORL,19.3,0.263,0.143,0.289,1,2.8,1.8,1.3,0,1,3.3
PJ Dozier,SG,25,DEN,18.9,0.364,0.313,0.439,0.769,3.5,1.6,0.6,0.3,0.7,5.4
Goran Dragic,PG,35,TOT,23.7,0.377,0.254,0.43,0.818,3.1,4.1,0.9,0.2,1.6,7.5
Goran Dragic,PG,35,TOR,18,0.382,0.286,0.441,1,2.8,1.8,1,0.2,0.2,8
Goran Dragic,PG,35,BRK,25.5,0.376,0.245,0.427,0.739,3.2,4.8,0.9,0.2,2.1,7.3
Andre Drummond,C,28,TOT,19.7,0.57,0,0.57,0.524,9.3,1.8,1.1,0.9,1.6,7.9
Andre Drummond,C,28,PHI,18.4,0.538,0,0.538,0.512,8.8,2,1.1,0.9,1.6,6.1
Andre Drummond,C,28,BRK,22.3,0.61,0,0.61,0.537,10.3,1.4,0.9,1,1.5,11.8
Chris Duarte,SG,24,IND,28,0.432,0.369,0.507,0.804,4.1,2.1,1,0.2,1.6,13.1
David Duke Jr.,PG,22,BRK,15.5,0.361,0.243,0.403,0.81,3,0.8,0.6,0.3,0.4,4.7
Kris Dunn,PG,27,POR,24,0.431,0.091,0.436,0.944,3.5,5.6,1.6,0.2,2.3,7.6
Kevin Durant,PF,33,BRK,37.2,0.518,0.383,0.57,0.91,7.4,6.4,0.9,0.9,3.5,29.9
Jaime Echenique,C,24,WAS,3,0,0,0,0,0,0,0,0,0,0
Anthony Edwards,SG,20,MIN,34.3,0.441,0.357,0.527,0.786,4.8,3.8,1.5,0.6,2.6,21.3
Carsen Edwards,SG,23,DET,19.8,0.3,0.25,0.367,1,1.5,3.5,0.5,0,1.3,5.8
Kessler Edwards,SF,21,BRK,20.6,0.412,0.353,0.502,0.842,3.6,0.6,0.6,0.5,0.9,5.9
Rob Edwards,SG,25,OKC,5.5,0.25,0.25,0.375,0,1.5,0,0,0,0.5,1.5
CJ Elleby,SF,21,POR,20.2,0.393,0.294,0.453,0.714,3.9,1.5,0.6,0.3,1,5.8
Wayne Ellington,SG,34,LAL,18.8,0.414,0.389,0.586,0.818,1.8,0.7,0.5,0.1,0.4,6.7
Joel Embiid,C,27,PHI,33.8,0.499,0.371,0.534,0.814,11.7,4.2,1.1,1.5,3.1,30.6
James Ennis III,SF,31,TOT,8,0.458,0.375,0.521,0.8,1.7,0.4,0.3,0.3,0.3,4.1
James Ennis III,SF,31,BRK,7,0.286,0.5,0.357,0,2.5,0,0.5,0.5,0,2.5
James Ennis III,SF,31,LAC,14,0.636,0.5,0.727,1,2.5,0,0.5,0.5,0.5,10
James Ennis III,SF,31,DEN,4.7,0.333,0,0.333,0,0.7,1,0,0,0.3,1.3
Drew Eubanks,C,24,TOT,17.5,0.596,0.217,0.602,0.762,5.4,1.2,0.4,0.6,1.1,7.7
Drew Eubanks,C,24,SAS,12.1,0.528,0.125,0.531,0.747,4,1,0.3,0.6,0.9,4.7
Drew Eubanks,C,24,POR,29.5,0.646,0.267,0.656,0.784,8.5,1.6,0.8,0.5,1.6,14.5
Tacko Fall,C,26,CLE,5.4,0.417,0,0.417,0.286,2.1,0.2,0,0.5,0.3,1.1
Derrick Favors,C,30,OKC,16.7,0.516,0.125,0.522,0.64,4.7,0.6,0.4,0.3,0.2,5.3
Bruno Fernando,C,23,TOT,5.1,0.655,0.5,0.664,0.625,1.8,0.2,0,0.4,0.5,2.9
Bruno Fernando,C,23,BOS,2.9,0.5,1,0.536,0.8,0.8,0.2,0,0.2,0.3,1
Bruno Fernando,C,23,HOU,9.4,0.707,0,0.707,0.579,4,0.3,0.1,0.8,0.9,6.9
Dorian Finney-Smith,PF,28,DAL,33.1,0.471,0.395,0.595,0.675,4.7,1.9,1.1,0.5,1,11
Malik Fitts,PF,24,TOT,4.2,0.421,0.5,0.553,0,1.1,0.3,0,0,0.1,1.4
Malik Fitts,PF,24,UTA,5,0.222,0.5,0.333,0,1.4,0,0,0,0.3,0.9
Malik Fitts,PF,24,BOS,3.5,0.6,0.5,0.75,0,0.9,0.6,0,0,0,1.9
Malachi Flynn,PG,23,TOR,12.2,0.393,0.333,0.475,0.625,1.4,1.6,0.5,0.1,0.3,4.3
Bryn Forbes,SG,28,TOT,17.1,0.429,0.414,0.542,0.908,1.2,1,0.3,0.1,0.7,8.8
Bryn Forbes,SG,28,SAS,16.9,0.432,0.417,0.539,0.898,1.6,1,0.4,0.1,0.8,9.1
Bryn Forbes,SG,28,DEN,17.4,0.424,0.41,0.545,0.921,0.9,1,0.2,0.1,0.7,8.6
Aleem Ford,SF,24,ORL,14.8,0.3,0.133,0.35,0,3,0.4,0.2,0,0.8,2.8
Trent Forrest,PG,23,UTA,12.8,0.49,0.185,0.506,0.792,1.7,1.8,0.5,0.1,0.8,3.3
Evan Fournier,SG,29,NYK,29.5,0.417,0.389,0.541,0.708,2.6,2.1,1,0.3,1.3,14.1
De'Aaron Fox,PG,24,SAC,35.3,0.473,0.297,0.506,0.75,3.9,5.6,1.2,0.4,2.8,23.2
Melvin Frazier,SG,25,OKC,40,0.271,0.048,0.281,0.714,4.3,0.3,0.3,0,1,10.7
Tim Frazier,PG,31,TOT,17.3,0.311,0.353,0.378,0.556,1.6,2.8,0.3,0.1,1.3,3.3
Tim Frazier,PG,31,ORL,20,0.302,0.353,0.372,0.556,1.9,3.3,0.3,0.1,1.3,3.7
Tim Frazier,PG,31,CLE,4,0.5,0,0.5,0,0,0.5,0,0,1,1
Enes Freedom,C,29,BOS,11.7,0.526,0.4,0.536,0.857,4.6,0.2,0.1,0.4,0.6,3.7
Markelle Fultz,PG,23,ORL,20,0.474,0.235,0.486,0.806,2.7,5.5,1.1,0.3,2.2,10.8
Wenyen Gabriel,PF,24,TOT,13.8,0.491,0.286,0.527,0.595,3.7,0.5,0.2,0.4,0.6,5.4
Wenyen Gabriel,PF,24,BRK,1,0,0,0,0,1,0,0,0,0,0
Wenyen Gabriel,PF,24,LAC,7.7,0.385,0.4,0.462,0.5,2.3,0.3,0.2,0.3,0.5,2.3
Wenyen Gabriel,PF,24,LAL,16.4,0.505,0.261,0.536,0.605,4.3,0.6,0.2,0.5,0.7,6.7
Daniel Gafford,C,23,WAS,20.1,0.693,0,0.693,0.699,5.7,0.9,0.4,1.4,0.9,9.4
Danilo Gallinari,PF,33,ATL,25.3,0.434,0.381,0.528,0.904,4.7,1.5,0.4,0.2,0.6,11.7
Langston Galloway,SG,30,TOT,15.3,0.231,0.125,0.269,0,2.6,1.7,0.1,0,0.9,2
Langston Galloway,SG,30,BRK,14.5,0.385,0.25,0.462,0,2,1.3,0,0,1.3,3
Langston Galloway,SG,30,MIL,16.3,0.077,0,0.077,0,3.3,2.3,0.3,0,0.3,0.7
Darius Garland,PG,22,CLE,35.7,0.462,0.383,0.536,0.892,3.3,8.6,1.3,0.1,3.6,21.7
Marcus Garrett,SG,23,MIA,10.7,0.238,0.25,0.262,0.4,1.9,0.6,0.4,0.3,0.2,1.1
Usman Garuba,PF,19,HOU,10,0.432,0.25,0.489,0.714,3.5,0.7,0.4,0.5,0.3,2
Luka Garza,C,23,DET,12.2,0.449,0.327,0.503,0.623,3.1,0.6,0.3,0.2,0.6,5.8
Rudy Gay,PF,35,UTA,18.9,0.414,0.345,0.507,0.785,4.4,1,0.5,0.3,0.9,8.1
Paul George,SF,31,LAC,34.7,0.421,0.354,0.493,0.858,6.9,5.7,2.2,0.4,4.1,24.3
Taj Gibson,C,36,NYK,18.2,0.518,0.395,0.563,0.808,4.4,0.6,0.4,0.8,0.5,4.4
Josh Giddey,SG,19,OKC,31.5,0.419,0.263,0.461,0.709,7.8,6.4,0.9,0.4,3.2,12.5
Shai Gilgeous-Alexander,PG,23,OKC,34.7,0.453,0.3,0.496,0.81,5,5.9,1.3,0.8,2.8,24.5
Anthony Gill,PF,29,WAS,10.5,0.569,0.538,0.633,0.808,1.9,0.6,0.1,0.3,0.4,4.1
Freddie Gillespie,PF,24,ORL,13.2,0.409,0,0.409,0.429,4,0.6,0.3,1,0.6,2.3
Rudy Gobert,C,29,UTA,32.1,0.713,0,0.713,0.69,14.7,1.1,0.7,2.1,1.8,15.6
Brandon Goodwin,PG,26,CLE,13.9,0.416,0.345,0.477,0.632,1.9,2.5,0.7,0,1,4.8
Jordan Goodwin,SG,23,WAS,3,0,0,0,0,0.5,0,0,0,0,0
Aaron Gordon,PF,26,DEN,31.7,0.52,0.335,0.573,0.743,5.9,2.5,0.6,0.6,1.8,15
Eric Gordon,SG,33,HOU,29.3,0.475,0.412,0.585,0.778,2,2.7,0.5,0.3,1.9,13.4
Devonte' Graham,PG,26,NOP,28.4,0.363,0.341,0.481,0.843,2.3,4.2,0.9,0.2,1.4,11.9
Jerami Grant,PF,27,DET,31.9,0.426,0.358,0.491,0.838,4.1,2.4,0.9,1,1.8,19.2
Hassani Gravett,PG,25,ORL,21.4,0.474,0.423,0.618,0.75,2.6,2.5,0.6,0.1,1.1,6.3
Danny Green,SF,34,PHI,21.8,0.394,0.38,0.555,0.786,2.5,1,1,0.6,0.7,5.9
Draymond Green,PF,31,GSW,28.9,0.525,0.296,0.556,0.659,7.3,7,1.3,1.1,3,7.5
Jalen Green,SG,19,HOU,31.9,0.426,0.343,0.508,0.797,3.4,2.6,0.7,0.3,2,17.3
JaMychal Green,PF,31,DEN,16.2,0.486,0.266,0.537,0.871,4.2,0.9,0.6,0.4,0.9,6.4
Javonte Green,SF,28,CHI,23.4,0.542,0.356,0.597,0.833,4.2,0.9,1,0.5,0.5,7.2
Jeff Green,C,35,DEN,24.7,0.524,0.315,0.574,0.833,3.1,1.3,0.4,0.4,0.9,10.3
Josh Green,SG,21,DAL,15.5,0.508,0.359,0.563,0.689,2.4,1.2,0.7,0.2,0.7,4.8
Blake Griffin,PF,32,BRK,17.1,0.425,0.262,0.486,0.724,4.1,1.9,0.5,0.3,0.6,6.4
Quentin Grimes,SG,21,NYK,17.1,0.404,0.381,0.557,0.684,2,1,0.7,0.2,0.6,6
Kyle Guy,SG,24,MIA,9.8,0.4,0.35,0.508,0.667,0.9,0.9,0.4,0.1,0.7,3.9
Rui Hachimura,PF,23,WAS,22.5,0.491,0.447,0.563,0.697,3.8,1.1,0.5,0.2,0.8,11.3
Tyrese Haliburton,SG-PG,21,TOT,35,0.473,0.414,0.562,0.842,4,8.2,1.7,0.6,2.6,15.3
Tyrese Haliburton,SG,21,SAC,34.5,0.457,0.413,0.546,0.837,3.9,7.4,1.7,0.7,2.3,14.3
Tyrese Haliburton,PG,21,IND,36.1,0.502,0.416,0.59,0.849,4.3,9.6,1.8,0.6,3.2,17.5
Tyler Hall,SG,24,NYK,2,0,0,0,0,0,0,0,0,0,0
R.J. Hampton,SG,20,ORL,21.9,0.383,0.35,0.453,0.641,3,2.5,0.7,0.2,1.4,7.6
Tim Hardaway Jr.,SG,29,DAL,29.6,0.394,0.336,0.491,0.757,3.7,2.2,0.9,0.1,0.8,14.2
James Harden,PG-SG,32,TOT,37.2,0.41,0.33,0.485,0.877,7.7,10.3,1.3,0.6,4.4,22
James Harden,PG,32,BRK,37,0.414,0.332,0.486,0.869,8,10.2,1.3,0.7,4.8,22.5
James Harden,SG,32,PHI,37.7,0.402,0.326,0.483,0.892,7.1,10.5,1.2,0.2,3.4,21
Maurice Harkless,SF,28,SAC,18.4,0.459,0.307,0.544,0.714,2.4,0.5,0.6,0.5,0.7,4.6
Jared Harper,PG,24,NOP,8.6,0.538,0.417,0.635,1,0.4,2.8,0.8,0.2,0.4,7.4
Montrezl Harrell,C,28,TOT,23.1,0.645,0.235,0.649,0.716,6.1,2,0.4,0.6,1,13.1
Montrezl Harrell,C,28,WAS,24.3,0.645,0.267,0.65,0.727,6.7,2.1,0.4,0.7,1.1,14.1
Montrezl Harrell,C,28,CHO,21,0.645,0,0.645,0.692,4.9,2,0.4,0.5,0.9,11.4
Gary Harris,SG,27,ORL,28.4,0.434,0.384,0.539,0.874,2,1.8,1,0.1,1,11.1
Joe Harris,SF,30,BRK,30.2,0.452,0.466,0.617,0.833,4,1,0.5,0.1,1.1,11.3
Tobias Harris,PF,29,PHI,34.8,0.482,0.367,0.532,0.842,6.8,3.5,0.6,0.6,1.6,17.2
Shaquille Harrison,SG,28,BRK,11.5,0.333,0,0.333,0,2,1.5,0.5,0.5,1,2
Josh Hart,SG-SF,26,TOT,33.2,0.504,0.343,0.569,0.758,7.2,4.1,1.1,0.2,2.1,14.9
Josh Hart,SG,26,NOP,33.5,0.505,0.323,0.56,0.753,7.8,4.1,1.1,0.3,2,13.4
Josh Hart,SF,26,POR,32.1,0.503,0.373,0.587,0.772,5.4,4.3,1.2,0.2,2.5,19.9
Isaiah Hartenstein,C,23,LAC,17.9,0.626,0.467,0.645,0.689,4.9,2.4,0.7,1.1,1.2,8.3
Udonis Haslem,C,41,MIA,6.4,0.452,0.25,0.468,1,1.9,0.3,0.1,0.1,0.4,2.5
Sam Hauser,SF,24,BOS,6.1,0.46,0.432,0.65,0,1.1,0.4,0,0.1,0.1,2.5
Jaxson Hayes,C,21,NOP,20,0.616,0.351,0.641,0.766,4.5,0.6,0.5,0.8,0.8,9.3
Killian Hayes,PG,20,DET,25,0.383,0.263,0.431,0.77,3.2,4.2,1.2,0.5,1.7,6.9
Gordon Hayward,SF,31,CHO,31.9,0.459,0.391,0.528,0.846,4.6,3.6,1,0.4,1.7,15.9
Aaron Henry,SF,22,PHI,2.8,0.2,0,0.2,0,0.2,0,0,0.3,0.3,0.3
Juancho Hernangómez,PF,26,TOT,11.1,0.415,0.348,0.528,0.559,2.5,0.5,0.4,0.3,0.4,3.3
Juancho Hernangómez,PF,26,BOS,5.3,0.185,0.167,0.241,0.667,1.4,0.2,0.2,0.1,0.3,1.1
Juancho Hernangómez,PF,26,SAS,10.2,0.333,0,0.333,0.75,3,0.6,0.2,0.2,0.4,1.4
Juancho Hernangómez,PF,26,UTA,17.5,0.507,0.438,0.651,0.476,3.5,0.8,0.5,0.4,0.5,6.2
Willy Hernangómez,C,27,NOP,16.8,0.52,0.333,0.526,0.773,6.8,1.3,0.4,0.4,1,9.1
Tyler Herro,SG,22,MIA,32.6,0.447,0.399,0.525,0.868,5,4,0.7,0.1,2.6,20.7
Buddy Hield,SG,29,TOT,30.9,0.406,0.366,0.526,0.874,4.4,2.8,0.9,0.3,1.9,15.6
Buddy Hield,SG,29,SAC,28.6,0.382,0.368,0.514,0.87,4,1.9,0.9,0.3,1.6,14.4
Buddy Hield,SG,29,IND,35.6,0.447,0.362,0.546,0.886,5.1,4.8,1,0.4,2.4,18.2
Haywood Highsmith,SF,25,MIA,8.6,0.348,0.321,0.446,0.4,1.4,0.3,0.1,0.2,0.2,2.3
George Hill,SG,35,MIL,23.2,0.429,0.306,0.504,0.919,2.9,2.2,0.8,0.1,0.8,6.2
Malcolm Hill,SF-SG,26,TOT,11.2,0.462,0.361,0.587,0.786,1.8,0.4,0.4,0.2,0.2,3.8
Malcolm Hill,SG,26,ATL,15.3,0.625,0.6,0.813,1,2,0.3,1.3,0.3,0,5.7
Malcolm Hill,SF,26,CHI,10.4,0.432,0.323,0.545,0.7,1.8,0.4,0.2,0.1,0.2,3.4
Solomon Hill,PF,30,ATL,10.7,0.15,0.154,0.2,0,1.8,0.9,0.3,0.2,0.1,0.6
Nate Hinton,SG,22,IND,1,0,0,0,0,0,0,0,0,0.5,0
Jaylen Hoard,SF,22,OKC,34.3,0.489,0.36,0.539,0.429,12,2.4,0.9,0.7,1.1,14.7
Aaron Holiday,PG,25,TOT,16.2,0.447,0.379,0.504,0.868,1.9,2.4,0.7,0.1,1.1,6.3
Aaron Holiday,PG,25,WAS,16.2,0.467,0.343,0.521,0.8,1.6,1.9,0.6,0.2,1,6.1
Aaron Holiday,PG,25,PHO,16.3,0.411,0.444,0.476,0.939,2.5,3.4,0.8,0,1.3,6.8
Jrue Holiday,PG,31,MIL,32.9,0.501,0.411,0.57,0.761,4.5,6.8,1.6,0.4,2.7,18.3
Justin Holiday,SF-SG,32,TOT,27.8,0.394,0.367,0.528,0.806,2.6,1.7,0.8,0.4,0.9,10.1
Justin Holiday,SF,32,IND,28.9,0.415,0.378,0.553,0.829,2.8,1.8,0.7,0.4,1,11
Justin Holiday,SG,32,SAC,25.6,0.348,0.342,0.471,0.762,2.2,1.5,0.8,0.6,0.8,8.3
Richaun Holmes,C,28,SAC,23.9,0.66,0.4,0.663,0.778,7,1.1,0.4,0.9,1.2,10.4
Rodney Hood,SF-SG,29,TOT,13.6,0.369,0.33,0.465,0.895,1.5,0.7,0.3,0.1,0.2,3.1
Rodney Hood,SF,29,MIL,14.9,0.351,0.3,0.443,0.929,1.7,0.8,0.3,0.1,0.2,3.3
Rodney Hood,SG,29,LAC,9.8,0.462,0.545,0.577,0.8,0.8,0.6,0.2,0.2,0.3,2.6
Scotty Hopson,SG,32,OKC,18,0.5,0,0.5,0,1,1,0,0,2,4
Al Horford,C,35,BOS,29.1,0.467,0.336,0.546,0.842,7.7,3.4,0.7,1.3,0.9,10.2
Talen Horton-Tucker,SG,21,LAL,25.2,0.416,0.269,0.462,0.8,3.2,2.7,1,0.5,1.4,10
Danuel House Jr.,SF,28,TOT,17.3,0.404,0.376,0.515,0.759,2.6,1,0.5,0.4,0.8,5.9
Danuel House Jr.,SF,28,HOU,14.6,0.338,0.294,0.405,0.895,2.7,1.2,0.3,0.3,1.1,4.8
Danuel House Jr.,SF,28,NYK,3,0,0,0,0,0,0,0,0,0,0
Danuel House Jr.,SF,28,UTA,19.6,0.447,0.415,0.585,0.692,2.7,1,0.6,0.5,0.6,6.8
Dwight Howard,C,36,LAL,16.2,0.612,0.533,0.63,0.658,5.9,0.6,0.6,0.6,0.8,6.2
Markus Howard,SG,22,DEN,5.7,0.386,0.4,0.525,0.87,0.4,0.2,0.3,0,0.2,4.1
Kevin Huerter,SG,23,ATL,29.6,0.454,0.389,0.559,0.808,3.4,2.7,0.7,0.4,1.2,12.1
Jay Huff,C,23,LAL,5,0,0,0,0,1,0.3,0.3,0.3,0.3,0
Elijah Hughes,SG-SF,23,TOT,12.1,0.326,0.263,0.413,0.778,1.6,0.6,0.4,0.2,0.5,3.5
Elijah Hughes,SF,23,UTA,8,0.417,0.357,0.556,1,1.2,0.4,0.3,0.1,0.5,3.1
Elijah Hughes,SG,23,POR,14.6,0.296,0.224,0.366,0.667,1.9,0.7,0.5,0.3,0.5,3.8
Feron Hunt,SF,22,NYK,4,0,0,0,0,0.5,0.5,0.5,0,0.5,0
De'Andre Hunter,SF,24,ATL,29.8,0.442,0.379,0.506,0.765,3.3,1.3,0.7,0.4,1.3,13.4
Chandler Hutchison,SF,25,PHO,3.7,0.5,0,0.5,1,0.8,0.3,0,0,0.7,0.7
Bones Hyland,PG,21,DEN,19,0.403,0.366,0.518,0.856,2.7,2.8,0.6,0.3,1.2,10.1
Serge Ibaka,C-PF,32,TOT,16.2,0.5,0.374,0.563,0.727,4.6,0.9,0.2,0.6,0.8,6.8
Serge Ibaka,C,32,LAC,15.4,0.49,0.387,0.552,0.69,4.3,1,0.2,0.7,0.9,6.6
Serge Ibaka,PF,32,MIL,17.8,0.519,0.351,0.582,0.8,5.3,0.7,0.2,0.4,0.5,7
Andre Iguodala,SF,38,GSW,19.5,0.38,0.23,0.45,0.75,3.2,3.7,0.9,0.7,0.9,4
Joe Ingles,SF,34,UTA,24.9,0.404,0.347,0.54,0.773,2.9,3.5,0.5,0.1,1,7.2
Brandon Ingram,SF,24,NOP,34,0.461,0.327,0.498,0.826,5.8,5.6,0.6,0.5,2.7,22.7
Kyrie Irving,PG,29,BRK,37.6,0.469,0.418,0.55,0.915,4.4,5.8,1.4,0.6,2.5,27.4
Wes Iwundu,SF,27,ATL,27.3,0.444,0.6,0.528,0.75,4.3,0,0.3,0,0.3,7.3
Frank Jackson,PG,23,DET,22,0.402,0.308,0.491,0.827,1.6,1,0.5,0.2,0.7,10.6
Isaiah Jackson,PF,20,IND,15,0.563,0.313,0.575,0.682,4.1,0.3,0.7,1.4,1.1,8.3
Jaren Jackson Jr.,PF,22,MEM,27.3,0.415,0.319,0.477,0.823,5.8,1.1,0.9,2.3,1.7,16.3
Josh Jackson,SF,24,TOT,16.3,0.4,0.254,0.455,0.714,2.8,1.1,0.5,0.4,0.9,6.4
Josh Jackson,SF,24,DET,18.1,0.41,0.265,0.47,0.714,3.2,1.3,0.5,0.5,1,7.1
Josh Jackson,SF,24,SAC,10.3,0.347,0.176,0.378,0.714,1.5,0.4,0.4,0.3,0.8,4.3
Justin Jackson,SF,26,TOT,5.3,0.333,0.333,0.433,1,1,0.3,0,0,0.1,2.1
Justin Jackson,SF,26,BOS,2,0,0,0,1,0,0,0,0,0,2
Justin Jackson,SF,26,PHO,5.8,0.357,0.333,0.464,0,1.2,0.3,0,0,0.2,2.2
Reggie Jackson,SG,31,LAC,31.2,0.392,0.326,0.46,0.847,3.6,4.8,0.7,0.2,2.3,16.8
LeBron James,SF,37,LAL,37.2,0.524,0.359,0.59,0.756,8.2,6.2,1.3,1.1,3.5,30.3
DeJon Jarreau,SG,24,IND,1,0,0,0,0,0,0,0,0,0,0
DaQuan Jeffries,SG,24,MEM,3,0.5,0,0.5,0,0.7,0.3,0,0,0,0.7
Ty Jerome,SG,24,OKC,16.7,0.378,0.29,0.46,0.809,1.6,2.3,0.6,0.1,0.8,7.1
Isaiah Joe,SG,22,PHI,11.1,0.35,0.333,0.477,0.935,1,0.6,0.3,0.1,0.3,3.6
Alize Johnson,PF,25,TOT,7.3,0.436,0,0.436,0.583,2.7,0.4,0.2,0,0.5,1.8
Alize Johnson,PF,25,CHI,7.6,0.522,0,0.522,0.571,2.3,0.5,0.2,0,0.5,1.8
Alize Johnson,PF,25,WAS,6,0.333,0,0.333,0,4,0,0,0,1,1.3
Alize Johnson,PF,25,NOP,7,0.3,0,0.3,0.75,3.3,0.3,0.5,0,0.3,2.3
B.J. Johnson,SF,26,ORL,16.3,0.44,0.4,0.52,0,3.8,0,0,0.3,0,6.5
Cameron Johnson,PF,25,PHO,26.2,0.46,0.425,0.596,0.86,4.1,1.5,0.9,0.2,0.7,12.5
David Johnson,SG,20,TOR,1,0,0,0,0,0,0,0,0,0,0
Jalen Johnson,PF,20,ATL,5.5,0.537,0.231,0.573,0.714,1.2,0.1,0.1,0.1,0.4,2.4
James Johnson,PF,34,BRK,19.2,0.469,0.271,0.507,0.527,3.5,2.1,0.5,0.5,0.8,5.5
Joe Johnson,SG,40,BOS,2,1,0,1,0,0,0,0,0,0,2
Keldon Johnson,SF,22,SAS,31.9,0.466,0.398,0.545,0.756,6.1,2.1,0.8,0.2,1.2,17
Keon Johnson,SG,19,TOT,18.8,0.353,0.34,0.415,0.804,2.2,2.1,0.8,0.3,1.2,7.2
Keon Johnson,SG,19,LAC,9,0.333,0.273,0.363,0.762,1.4,0.9,0.5,0.1,0.5,3.5
Keon Johnson,SG,19,POR,25.5,0.357,0.348,0.428,0.833,2.7,2.9,1,0.5,1.8,9.7
Stanley Johnson,PF,25,LAL,22.8,0.466,0.314,0.532,0.716,3.2,1.7,0.9,0.3,0.7,6.7
Tyler Johnson,PG,29,TOT,15.2,0.3,0.385,0.425,0,2,1.2,0.5,0.5,0.3,2.8
Tyler Johnson,PG,29,PHI,12.7,0.4,0.429,0.55,0,2,0.7,0.3,0.3,0.3,3.7
Tyler Johnson,PG,29,SAS,17.7,0.2,0.333,0.3,0,2,1.7,0.7,0.7,0.3,2
Nikola Jokic,C,26,DEN,33.5,0.583,0.337,0.62,0.81,13.8,7.9,1.5,0.9,3.8,27.1
Carlik Jones,PG,24,TOT,4.6,0.111,0,0.111,1,0.6,1,0.2,0,0.6,0.8
Carlik Jones,PG,24,DAL,6.3,0,0,0,1,1,1.7,0.3,0,1,0.7
Carlik Jones,PG,24,DEN,2,0.5,0,0.5,0,0,0,0,0,0,1
Damian Jones,C,26,SAC,18.2,0.658,0.345,0.677,0.718,4.4,1.2,0.5,0.8,1.1,8.1
Derrick Jones Jr.,PF,24,CHI,17.6,0.538,0.328,0.59,0.8,3.3,0.6,0.5,0.6,0.6,5.6
Herbert Jones,PF,23,NOP,29.9,0.476,0.337,0.525,0.84,3.8,2.1,1.7,0.8,1.3,9.5
Jemerrio Jones,SF,26,LAL,7.5,0.667,0,0.667,0,1.5,0,0.5,0,0,2
Kai Jones,C,21,CHO,3,0.643,0.5,0.679,0.375,0.5,0.2,0,0.1,0.3,1
Mason Jones,SG,23,LAL,12.8,0.467,0.25,0.5,0.8,2.5,1,0.5,0,0.3,6.8
Tre Jones,PG,22,SAS,16.6,0.49,0.196,0.504,0.78,2.2,3.4,0.6,0.1,0.7,6
Tyus Jones,PG,25,MEM,21.2,0.451,0.39,0.524,0.818,2.4,4.4,0.9,0,0.6,8.7
DeAndre Jordan,C,33,TOT,13,0.643,0,0.643,0.55,5.5,0.4,0.3,0.7,0.8,4.3
DeAndre Jordan,C,33,LAL,12.8,0.674,0,0.674,0.462,5.4,0.4,0.3,0.8,0.7,4.1
DeAndre Jordan,C,33,PHI,13.4,0.593,0,0.593,0.714,5.8,0.5,0.1,0.6,1,4.6
Cory Joseph,PG,30,DET,24.6,0.445,0.414,0.526,0.885,2.7,3.6,0.6,0.3,1.3,8
Georgios Kalaitzakis,SF,23,TOT,16.5,0.463,0.385,0.537,0.467,1.6,0.9,0.8,0.2,1.5,6.6
Georgios Kalaitzakis,SF,23,MIL,5.3,0.455,0.5,0.545,0.444,0.9,0,0.1,0.1,0.4,1.8
Georgios Kalaitzakis,SF,23,OKC,41.5,0.464,0.364,0.536,0.476,3.3,3,2.5,0.3,4,17.5
Frank Kaminsky,C,28,PHO,20.1,0.545,0.333,0.583,0.9,4.6,1.4,0.9,0.8,0.6,10.6
Luke Kennard,SG,25,LAC,27.4,0.449,0.449,0.598,0.896,3.3,2.1,0.6,0.1,0.9,11.9
Braxton Key,SF,24,TOT,17.9,0.458,0.286,0.5,0.538,4.5,1,0.9,1,1,7.2
Braxton Key,SF,24,PHI,3,0.5,0,0.5,0,1,0.5,0.5,0,1,1
Braxton Key,SF,24,DET,21.2,0.457,0.3,0.5,0.538,5.3,1.1,1,1.2,1,8.6
George King,SF,28,DAL,4.8,0,0,0,0.5,1.3,0,0,0,0.3,0.3
Louis King,SF,22,SAC,10.4,0.319,0.296,0.404,0.7,1.2,0.9,0.2,0.1,0,4.5
Corey Kispert,SF,22,WAS,23.4,0.455,0.35,0.564,0.871,2.7,1.1,0.5,0.3,0.6,8.2
Maxi Kleber,PF,30,DAL,24.6,0.398,0.325,0.516,0.708,5.9,1.2,0.5,1,0.8,7
Brandon Knight,PG,30,DAL,13,0.4,0.235,0.48,1,1.6,1.6,0.2,0,0.8,6.4
Nathan Knight,PF,24,MIN,7.2,0.511,0.308,0.534,0.733,2.3,0.6,0.2,0.2,0.5,3.7
Kevin Knox,SF,22,TOT,7.4,0.365,0.278,0.453,0.727,1.5,0.3,0.1,0.1,0.2,3.1
Kevin Knox,SF,22,NYK,8.5,0.375,0.357,0.5,0.7,1.7,0.2,0.2,0.1,0.4,3.6
Kevin Knox,SF,22,ATL,6.5,0.356,0.192,0.411,0.75,1.3,0.4,0.1,0.1,0.1,2.7
John Konchar,SG,25,MEM,17.9,0.515,0.413,0.615,0.551,4.6,1.5,0.6,0.3,0.4,4.8
Furkan Korkmaz,SG,24,PHI,21.1,0.387,0.289,0.469,0.81,2.6,1.9,0.5,0.1,0.7,7.6
Luke Kornet,C,26,TOT,6.9,0.481,0,0.481,0.667,1.9,0.6,0.2,0.2,0,2
Luke Kornet,C,26,CLE,7.5,0.2,0,0.2,0.667,1.5,0.5,0,0.5,0,2
Luke Kornet,C,26,MIL,3,0,0,0,0,1,0,0,0,0,0
Luke Kornet,C,26,BOS,7.1,0.571,0,0.571,0.667,2.1,0.7,0.3,0.2,0,2.2
Vit Krejci,SG,21,OKC,23,0.407,0.327,0.503,0.864,3.4,1.9,0.6,0.3,1,6.2
Arnoldas Kulboka,SF,24,CHO,2.5,0,0,0,0,0,0,0,0,0,0
Jonathan Kuminga,SF,19,GSW,16.9,0.513,0.336,0.567,0.684,3.3,0.9,0.4,0.3,1.1,9.3
Kyle Kuzma,PF,26,WAS,33.4,0.452,0.341,0.52,0.712,8.5,3.5,0.6,0.9,2.6,17.1
Anthony Lamb,SF,24,SAS,4,0,0,0,0,0.5,1,0,0,0,0
Jeremy Lamb,SF-SG,29,TOT,16.7,0.383,0.324,0.463,0.84,2.8,1.4,0.6,0.4,0.7,7.3
Jeremy Lamb,SF,29,IND,15.7,0.373,0.333,0.458,0.838,2.4,1.3,0.6,0.4,0.6,7.1
Jeremy Lamb,SG,29,SAC,18.9,0.403,0.302,0.471,0.846,3.5,1.8,0.5,0.5,0.8,7.9
Jock Landale,C,26,SAS,10.9,0.495,0.326,0.566,0.829,2.6,0.8,0.2,0.3,0.6,4.9
Romeo Langford,SG,22,TOT,16.1,0.435,0.341,0.51,0.548,2.3,0.4,0.5,0.3,0.3,4.5
Romeo Langford,SG,22,BOS,16.5,0.429,0.349,0.508,0.588,2.4,0.4,0.5,0.4,0.4,4.7
Romeo Langford,SG,22,SAS,10.8,0.571,0,0.571,0.375,1,0.5,0.3,0,0,2.8
Zach LaVine,SF,26,CHI,34.7,0.476,0.389,0.554,0.853,4.6,4.5,0.6,0.3,2.6,24.4
Jake Layman,SF,27,MIN,6.8,0.411,0.229,0.466,0.722,1.1,0.3,0.2,0.1,0.3,2.4
Damion Lee,SG,29,GSW,19.9,0.441,0.337,0.523,0.88,3.2,1,0.6,0.1,0.6,7.4
Saben Lee,PG,22,DET,16.3,0.39,0.233,0.429,0.789,2.4,2.9,1,0.3,1,5.6
Alex Len,C,28,SAC,15.9,0.534,0.286,0.551,0.651,4.1,1.2,0.3,0.6,1.1,6
Caris LeVert,SG,27,TOT,30.7,0.444,0.32,0.492,0.756,3.7,4.3,0.9,0.4,1.9,17
Caris LeVert,SG,27,IND,31.1,0.447,0.323,0.496,0.76,3.8,4.4,0.9,0.5,1.9,18.7
Caris LeVert,SG,27,CLE,29.8,0.435,0.313,0.481,0.745,3.4,3.9,0.8,0.3,1.7,13.6
Kira Lewis Jr.,PG,20,NOP,14.2,0.404,0.224,0.449,0.833,1.6,2,0.5,0,1.1,5.9
Scottie Lewis,SG,21,CHO,3.5,0,0,0,0.5,0,0.5,0.5,0,0,0.5
Damian Lillard,PG,31,POR,36.4,0.402,0.324,0.486,0.878,4.1,7.3,0.6,0.4,2.9,24
Nassir Little,SF,21,POR,25.9,0.46,0.331,0.541,0.734,5.6,1.3,0.6,0.9,1,9.8
Isaiah Livers,SF,23,DET,20.2,0.456,0.422,0.606,0.857,3,1.1,0.7,0.4,0.8,6.4
Kevon Looney,C,25,GSW,21.1,0.571,0,0.571,0.6,7.3,2,0.6,0.6,0.8,6
Brook Lopez,C,33,MIL,22.9,0.466,0.358,0.538,0.87,4.1,0.5,0.6,1.2,0.9,12.4
Robin Lopez,C,33,ORL,17,0.553,0.333,0.558,0.593,3.5,1.5,0.1,0.5,1.2,7.1
Didi Louzada,SG-SF,22,TOT,14.3,0.364,0.391,0.5,1,1.9,0.6,0.2,0.2,0.6,3.9
Didi Louzada,SF,22,NOP,3.5,0,0,0,0,1,0.5,0,0,0,0
Didi Louzada,SG,22,POR,17.4,0.4,0.45,0.55,1,2.1,0.6,0.3,0.3,0.7,5
Kevin Love,PF,33,CLE,22.5,0.43,0.392,0.553,0.838,7.2,2.2,0.4,0.2,1.3,13.6
Kyle Lowry,PG,35,MIA,33.9,0.44,0.377,0.555,0.851,4.5,7.5,1.1,0.3,2.7,13.4
Gabriel Lundberg,SG,27,PHO,11,0.263,0.375,0.342,0,1.8,2.8,0.8,0,0.8,3.3
Timothé Luwawu-Cabarrot,SF,26,ATL,13.2,0.398,0.361,0.516,0.854,1.6,0.8,0.3,0.1,0.4,4.4
Trey Lyles,PF,26,TOT,20.5,0.466,0.321,0.526,0.802,5.1,1.2,0.4,0.4,1,10.5
Trey Lyles,PF,26,DET,19.4,0.456,0.301,0.513,0.784,4.8,1.1,0.4,0.5,1.1,10.4
Trey Lyles,PF,26,SAC,22.8,0.489,0.365,0.553,0.851,5.6,1.3,0.3,0.3,0.8,10.6
Théo Maledon,PG,20,OKC,17.8,0.375,0.293,0.445,0.79,2.6,2.2,0.6,0.2,1.3,7.1
Sandro Mamukelashvili,PF,22,MIL,9.9,0.496,0.423,0.591,0.818,2,0.5,0.2,0.2,0.4,3.8
Terance Mann,SF,25,LAC,28.6,0.484,0.365,0.539,0.78,5.2,2.6,0.7,0.3,1,10.8
Tre Mann,PG,20,OKC,22.8,0.393,0.36,0.476,0.793,2.9,1.5,0.8,0.2,1.2,10.4
Boban Marjanovic,C,33,DAL,5.6,0.6,0.25,0.607,0.591,1.7,0.1,0,0.1,0.7,4.3
Lauri Markkanen,PF,24,CLE,30.8,0.445,0.358,0.542,0.868,5.7,1.3,0.7,0.5,0.9,14.8
Naji Marshall,SF,24,NOP,13.4,0.405,0.2,0.444,0.796,2.6,1.1,0.6,0.1,0.8,5.7
Caleb Martin,SF,26,MIA,22.9,0.507,0.413,0.585,0.763,3.8,1.1,1,0.5,0.9,9.2
Cody Martin,SF,26,CHO,26.3,0.482,0.384,0.554,0.701,4,2.5,1.2,0.5,0.9,7.7
Kelan Martin,SF,26,TOT,15,0.409,0.293,0.474,0.692,1.8,0.7,0.4,0.3,0.5,5.7
Kelan Martin,SF,26,IND,16.4,0.417,0.297,0.482,0.692,2,0.8,0.5,0.3,0.5,6.3
Kelan Martin,SF,26,BOS,2,0,0,0,0,0.7,0,0,0,0,0
Kenyon Martin Jr.,SF,21,HOU,21,0.533,0.357,0.591,0.634,3.8,1.3,0.4,0.5,0.8,8.8
Garrison Mathews,SG,25,HOU,26.3,0.399,0.36,0.55,0.794,2.9,1,0.9,0.4,0.6,10
Dakota Mathias,SG,26,MEM,2.7,0.333,0.333,0.5,0,0.3,0.2,0.2,0,0,1
Wesley Matthews,SG,35,MIL,20.4,0.395,0.338,0.516,0.786,1.9,0.7,0.5,0.2,0.4,5.1
Tyrese Maxey,PG,21,PHI,35.3,0.485,0.427,0.552,0.866,3.2,4.3,0.7,0.4,1.2,17.5
Skylar Mays,SG,24,ATL,7.9,0.5,0.32,0.563,0.889,0.9,0.6,0.3,0,0.4,2.9
Miles McBride,PG,21,NYK,9.3,0.296,0.25,0.375,0.667,1.1,1,0.4,0,0.1,2.2
Mac McClung,SG-PG,23,TOT,12.5,0.5,0.333,0.583,1,1.5,0.5,0.5,0.5,1.5,4
Mac McClung,PG,23,CHI,3,1,0,1,0,0,0,0,0,1,2
Mac McClung,SG,23,LAL,22,0.4,0.333,0.5,1,3,1,1,1,2,6
CJ McCollum,SG,30,TOT,34.6,0.46,0.388,0.539,0.682,4.3,5.1,1.1,0.4,2,22.1
CJ McCollum,SG,30,POR,35.2,0.436,0.384,0.52,0.706,4.3,4.5,1,0.6,1.9,20.5
CJ McCollum,SG,30,NOP,33.8,0.493,0.394,0.564,0.667,4.5,5.8,1.3,0,2.2,24.3
T.J. McConnell,PG,29,IND,24.1,0.481,0.303,0.505,0.826,3.3,4.9,1.1,0.4,1.1,8.5
Jaden McDaniels,PF,21,MIN,25.8,0.46,0.317,0.532,0.803,4.2,1.1,0.7,0.8,1.1,9.2
Jalen McDaniels,SF,24,CHO,16.3,0.484,0.38,0.565,0.736,3.1,1.1,0.5,0.4,0.7,6.2
Doug McDermott,PF,30,SAS,24,0.462,0.422,0.578,0.784,2.3,1.3,0.3,0.1,0.8,11.3
JaVale McGee,C,34,PHO,15.8,0.629,0.222,0.631,0.699,6.7,0.6,0.3,1.1,1.3,9.2
Cameron McGriff,SF,24,POR,15.3,0.357,0.333,0.429,1,5,1,0,0.3,0,4.7
Rodney McGruder,SG,30,DET,14.8,0.436,0.397,0.564,0.731,2.2,0.9,0.4,0.1,0.5,5.4
Alfonzo McKinnie,SF,29,CHI,12.1,0.393,0.333,0.467,0.25,1.9,0.3,0.1,0.2,0.4,3.5
JaQuori McLaughlin,PG,24,DAL,2.8,0,0,0,0,0,0.5,0,0,0,0
Jordan McLaughlin,PG,25,MIN,14.5,0.44,0.318,0.508,0.75,1.5,2.9,0.9,0.2,0.6,3.8
Ben McLemore,SG,28,POR,20.1,0.401,0.362,0.541,0.818,1.6,0.9,0.6,0.2,0.9,10.2
De'Anthony Melton,SG,23,MEM,22.7,0.404,0.374,0.504,0.75,4.5,2.7,1.4,0.5,1.5,10.8
Sam Merrill,SG,25,MEM,9.7,0.333,0.304,0.479,0.5,1.2,0.7,0,0,0.3,4.2
Chimezie Metu,C,24,SAC,21.3,0.452,0.306,0.516,0.78,5.6,1,0.9,0.5,1,8.9
Khris Middleton,SF,30,MIL,32.4,0.443,0.373,0.522,0.89,5.4,5.4,1.2,0.3,2.9,20.1
C.J. Miles,SG,34,BOS,2,0,0,0,0,0,0,0,0,0,0
Patty Mills,PG,33,BRK,29,0.408,0.4,0.551,0.814,1.9,2.3,0.6,0.2,0.9,11.4
Paul Millsap,PF,36,TOT,11.4,0.391,0.229,0.426,0.708,3.5,0.9,0.3,0.4,0.6,3.5
Paul Millsap,PF,36,BRK,11.3,0.376,0.222,0.412,0.706,3.7,1,0.2,0.5,0.5,3.4
Paul Millsap,PF,36,PHI,11.8,0.433,0.25,0.467,0.714,2.8,0.6,0.6,0.2,0.9,3.7
Shake Milton,PG,25,PHI,21.4,0.429,0.323,0.483,0.836,2.6,2.5,0.5,0.3,0.8,8.2
Davion Mitchell,PG,23,SAC,27.7,0.418,0.316,0.477,0.659,2.2,4.2,0.7,0.3,1.5,11.5
Donovan Mitchell,SG,25,UTA,33.8,0.448,0.355,0.533,0.853,4.2,5.3,1.5,0.2,3,25.9
Evan Mobley,PF,20,CLE,33.8,0.508,0.25,0.522,0.663,8.3,2.5,0.8,1.7,1.9,15
Malik Monk,SG,23,LAL,28.1,0.473,0.391,0.578,0.795,3.4,2.9,0.8,0.4,1.6,13.8
Greg Monroe,C,31,TOT,13.9,0.561,0,0.561,0.522,4.6,1.6,0.6,0.7,0.9,5.4
Greg Monroe,C,31,MIN,20.3,0.591,0,0.591,0.429,6,4,1,1.5,1.8,7.3
Greg Monroe,C,31,WAS,9,0.5,0,0.5,0,5,0.5,0.5,0.5,1,4
Greg Monroe,C,31,MIL,14,0.5,0,0.5,0.556,4.2,0.4,0.6,0.4,0.6,5.4
Greg Monroe,C,31,UTA,8.7,0.8,0,0.8,0.571,3,1,0,0.3,0,4
Moses Moody,SG,19,GSW,11.7,0.437,0.364,0.546,0.778,1.5,0.4,0.1,0.2,0.3,4.4
Xavier Moon,SG,27,LAC,13.7,0.49,0.357,0.539,0.6,1.4,2.4,0.7,0.3,0.6,5.8
Matt Mooney,SG,24,NYK,2,0,0,0,0,0,0,1,0,1,0
Ja Morant,PG,22,MEM,33.1,0.493,0.344,0.53,0.761,5.7,6.7,1.2,0.4,3.4,27.4
Juwan Morgan,PF,24,TOT,15.5,0.667,0.5,0.833,0,2,0.5,0,0,0,2.5
Juwan Morgan,PF,24,TOR,27,0.667,0.5,0.833,0,4,1,0,0,0,5
Juwan Morgan,PF,24,BOS,4,0,0,0,0,0,0,0,0,0,0
Jaylen Morris,SG,26,SAS,5.3,0,0,0,0.5,0.7,0.7,0,0,0.3,0.7
Marcus Morris,PF,32,LAC,29,0.434,0.367,0.507,0.872,4.4,2.1,0.5,0.3,1.3,15.4
Markieff Morris,PF,32,MIA,17.5,0.474,0.333,0.531,0.889,2.6,1.4,0.4,0.1,1.2,7.6
Monte Morris,PG,26,DEN,29.9,0.484,0.395,0.564,0.869,3,4.4,0.7,0.2,1,12.6
Emmanuel Mudiay,PG,25,SAC,5.5,0,0,0,0.75,0,2,0.5,0,0.5,1.5
Mychal Mulder,PG,27,TOT,14.1,0.312,0.315,0.422,1,1.4,0.3,0.2,0.1,0.5,4.1
Mychal Mulder,PG,27,ORL,13,0.299,0.283,0.396,1,1.4,0.2,0.3,0.1,0.5,3.7
Mychal Mulder,PG,27,MIA,22,0.4,0.5,0.6,1,1.5,1,0,0.5,0,7
Ade Murkey,SG,24,SAC,1,0,0,0,0,0,0,0,0,0,0
Trey Murphy III,SF,21,NOP,13.9,0.394,0.382,0.522,0.882,2.4,0.6,0.4,0.1,0.3,5.4
Dejounte Murray,PG,25,SAS,34.8,0.462,0.327,0.5,0.794,8.3,9.2,2,0.3,2.6,21.1
Mike Muscala,C,30,OKC,13.8,0.456,0.429,0.597,0.842,3,0.5,0.4,0.6,0.3,8
Svi Mykhailiuk,SF,24,TOR,12.8,0.389,0.306,0.476,0.865,1.6,0.8,0.5,0.1,0.6,4.6
Abdel Nader,SF,28,PHO,10.4,0.343,0.286,0.4,0.6,1.9,0.5,0.6,0.3,0.8,2.4
Larry Nance Jr.,PF,29,TOT,22.6,0.522,0.329,0.569,0.702,5.4,1.8,0.9,0.4,0.8,7
Larry Nance Jr.,PF,29,POR,23.2,0.515,0.306,0.563,0.653,5.6,2,1,0.4,0.7,6.9
Larry Nance Jr.,PF,29,NOP,20.2,0.551,0.5,0.592,1,4.3,0.9,0.6,0.8,1.1,7.3
RJ Nembhard Jr.,SG,22,CLE,4.5,0.333,0,0.333,0.75,0.5,0.9,0.1,0,0.2,1.1
Aaron Nesmith,SF,22,BOS,11,0.396,0.27,0.481,0.808,1.7,0.4,0.4,0.1,0.6,3.8
Raul Neto,PG,29,WAS,19.6,0.463,0.292,0.502,0.769,1.9,3.1,0.8,0,1.1,7.5
Malik Newman,PG,24,CLE,8,0.6,0,0.6,1,1,1,0,0,1,8
Georges Niang,PF,28,PHI,22.8,0.437,0.403,0.575,0.881,2.7,1.3,0.4,0.2,0.8,9.2
Daishen Nix,SG,19,HOU,10.9,0.403,0.269,0.455,0.533,1.4,1.7,0.6,0,1.1,3.2
Zeke Nnaji,PF,21,DEN,17,0.516,0.463,0.616,0.631,3.6,0.4,0.4,0.3,0.6,6.6
Nerlens Noel,C,27,NYK,22.5,0.533,0,0.533,0.7,5.6,0.9,1.2,1.2,0.8,3.4
Jaylen Nowell,SG,22,MIN,15.7,0.475,0.394,0.551,0.783,2,2.1,0.4,0.2,0.6,8.5
Frank Ntilikina,PG,23,DAL,11.8,0.399,0.342,0.484,0.96,1.4,1.2,0.5,0.1,0.5,4.1
Jusuf Nurkic,C,27,POR,28.2,0.535,0.268,0.548,0.69,11.1,2.8,1.1,0.6,2.6,15
David Nwaba,SF,29,HOU,13.2,0.483,0.306,0.526,0.716,3.3,0.8,0.6,0.4,0.5,5.1
Jordan Nwora,SF,23,MIL,19.1,0.403,0.348,0.488,0.837,3.6,1,0.4,0.3,0.9,7.9
Royce O'Neale,SF,28,UTA,31.2,0.457,0.389,0.591,0.804,4.8,2.5,1.1,0.4,1,7.4
Semi Ojeleye,PF,27,TOT,13.5,0.303,0.3,0.379,0.793,2.5,0.3,0.2,0.2,0.3,3.3
Semi Ojeleye,PF,27,MIL,15.4,0.257,0.268,0.336,0.769,2.9,0.3,0.3,0.3,0.3,2.9
Semi Ojeleye,PF,27,LAC,9.8,0.414,0.444,0.483,0.813,1.6,0.4,0.2,0.1,0.4,4.1
Chuma Okeke,PF,23,ORL,25,0.376,0.318,0.478,0.846,5,1.7,1.4,0.6,0.8,8.6
Josh Okogie,SG,23,MIN,10.5,0.404,0.298,0.471,0.686,1.4,0.5,0.5,0.2,0.5,2.7
Onyeka Okongwu,C,21,ATL,20.7,0.69,0,0.69,0.727,5.9,1.1,0.6,1.3,0.9,8.2
Isaac Okoro,SF,21,CLE,29.6,0.48,0.35,0.544,0.768,3,1.8,0.8,0.3,0.9,8.8
KZ Okpala,PF,22,MIA,11.6,0.435,0.346,0.5,0.727,2,0.7,0.2,0.3,0.2,3.7
Victor Oladipo,SG,29,MIA,21.6,0.479,0.417,0.582,0.737,2.9,3.5,0.6,0.1,2,12.4
Cameron Oliver,SF,25,ATL,21.5,0.667,0.333,0.7,0.667,3,1.5,0.5,0.5,0,11.5
Kelly Olynyk,C,30,DET,19.1,0.448,0.336,0.517,0.775,4.4,2.8,0.8,0.5,1.5,9.1
Eugene Omoruyi,SF,24,DAL,4.5,0.4,0.5,0.5,0.5,1.8,0.5,0,0,0,1.8
Miye Oni,SG,24,UTA,2.8,0.222,0.125,0.278,0,0.4,0.3,0,0,0.1,0.3
Cedi Osman,SF,26,CLE,22.2,0.432,0.357,0.544,0.664,2.2,2,0.8,0.2,1,10.7
Daniel Oturu,C,22,TOR,9,0.5,0,0.5,0.6,1.7,0,0,0.7,0,3
Kelly Oubre Jr.,SF,26,CHO,26.3,0.44,0.345,0.542,0.667,4,1.1,1,0.4,0.9,15
Jaysean Paige,PG,27,DET,7,0,0,0,0,1,1,0,0,1,0
Trayvon Palmer,SG,27,DET,17,0,0,0,0,2,0,0,0,1,0
Kevin Pangos,PG,29,CLE,6.9,0.326,0.231,0.391,0.75,0.5,1.3,0.1,0,0.3,1.6
Jabari Parker,PF,26,BOS,9.3,0.474,0.5,0.579,1,2.3,0.5,0.3,0.1,0.7,4.4
Eric Paschall,PF,25,UTA,12.7,0.485,0.37,0.57,0.767,1.8,0.6,0.2,0.1,0.5,5.8
Chris Paul,PG,36,PHO,32.9,0.493,0.317,0.536,0.837,4.4,10.8,1.9,0.3,2.4,14.7
Cameron Payne,PG,27,PHO,22,0.409,0.336,0.469,0.843,3,4.9,0.7,0.3,1.8,10.8
Elfrid Payton,PG,27,PHO,11,0.383,0.222,0.394,0.375,1.8,2,0.5,0.1,0.9,3
Gary Payton II,PG,29,GSW,17.6,0.616,0.358,0.679,0.603,3.5,0.9,1.4,0.3,0.6,7.1
Norvel Pelle,C,28,UTA,6.3,0.6,0,0.6,0,2,0,0,0.3,0.7,2
Reggie Perry,PF,21,TOT,18.7,0.506,0.188,0.525,0.6,4.7,1.2,0.9,0.6,1.1,9.2
Reggie Perry,PF,21,POR,19.7,0.5,0.188,0.519,0.6,5.1,1.3,1,0.7,1.2,10
Reggie Perry,PF,21,IND,10,1,0,1,0,1,0,0,0,0,2
Jamorko Pickett,PF,24,DET,13.5,0.36,0.333,0.49,0.5,2.5,0.5,0,0.5,0.4,3.8
Theo Pinson,SF,26,DAL,7.8,0.359,0.333,0.487,1,1.1,0.9,0.3,0.1,0.3,2.5
Mason Plumlee,C,31,CHO,24.6,0.641,0,0.641,0.392,7.7,3.1,0.8,0.7,1.4,6.5
Jakob Poeltl,C,26,SAS,29,0.618,1,0.619,0.495,9.3,2.8,0.7,1.7,1.6,13.5
Aleksej Pokusevski,PF,20,OKC,20.2,0.408,0.289,0.47,0.7,5.2,2.1,0.6,0.6,1.5,7.6
Yves Pons,SF,22,MEM,5.9,0.313,0.333,0.406,0,1,0.1,0.1,0.3,0.1,1.1
Jordan Poole,SG,22,GSW,30,0.448,0.364,0.548,0.925,3.4,4,0.8,0.3,2.5,18.5
Kevin Porter Jr.,PG,21,HOU,31.3,0.415,0.375,0.511,0.642,4.4,6.2,1.1,0.4,3.1,15.6
Michael Porter Jr.,SF,23,DEN,29.4,0.359,0.208,0.408,0.556,6.6,1.9,1.1,0.2,1.3,9.9
Otto Porter Jr.,PF,28,GSW,22.2,0.464,0.37,0.56,0.803,5.7,1.5,1.1,0.5,0.6,8.2
Bobby Portis,C,26,MIL,28.2,0.479,0.393,0.555,0.752,9.1,1.2,0.7,0.7,1.3,14.6
Kristaps Porzingis,PF,26,TOT,29,0.459,0.31,0.51,0.867,8.1,2.3,0.7,1.6,1.6,20.2
Kristaps Porzingis,PF,26,DAL,29.5,0.451,0.283,0.499,0.865,7.7,2,0.7,1.7,1.6,19.2
Kristaps Porzingis,PF,26,WAS,28.2,0.475,0.367,0.531,0.871,8.8,2.9,0.7,1.5,1.6,22.1
Micah Potter,C,23,DET,10.3,0.455,0,0.455,1,3,0,0.3,0.3,0.3,4
Dwight Powell,C,30,DAL,21.9,0.671,0.351,0.687,0.783,4.9,1.2,0.5,0.5,0.8,8.7
Myles Powell,PG,24,PHI,4.7,0.294,0.167,0.324,1,0.5,0.3,0.1,0,0.3,1.2
Norman Powell,SF-SG,28,TOT,32.4,0.461,0.419,0.549,0.811,3.2,2.1,0.9,0.5,1.5,19
Norman Powell,SF,28,POR,33.3,0.456,0.406,0.542,0.803,3.3,2.1,1,0.4,1.6,18.7
Norman Powell,SG,28,LAC,25,0.508,0.542,0.611,0.857,2.8,2.8,0.4,0.8,1.4,21.4
Joshua Primo,SG,19,SAS,19.3,0.374,0.307,0.452,0.746,2.3,1.6,0.4,0.5,1.1,5.8
Taurean Prince,PF,27,MIN,17.1,0.454,0.376,0.564,0.756,2.5,1,0.7,0.3,0.8,7.3
Payton Pritchard,SG,24,BOS,14.1,0.429,0.412,0.564,1,1.9,2,0.4,0.1,0.6,6.2
Trevelin Queen,SG,24,HOU,7.4,0.455,0.375,0.591,1,1.6,0.4,0.5,0.1,0.7,4.3
Neemias Queta,C,22,SAC,8.6,0.447,0,0.447,0.647,2.2,0.4,0.1,0.6,0.4,3.2
Immanuel Quickley,PG,22,NYK,23.1,0.392,0.346,0.487,0.881,3.2,3.5,0.7,0,1.3,11.3
Jahmi'us Ramsey,SG,20,SAC,7.1,0.414,0.278,0.457,0.5,0.7,0.4,0.1,0.1,0.3,3.2
Julius Randle,PF,27,NYK,35.3,0.411,0.308,0.459,0.756,9.9,5.1,0.7,0.5,3.4,20.1
Austin Reaves,SG,23,LAL,23.2,0.459,0.317,0.542,0.839,3.2,1.8,0.5,0.3,0.7,7.3
Cam Reddish,SF,22,TOT,20.7,0.404,0.359,0.485,0.902,2.1,1,1,0.3,1.2,10.1
Cam Reddish,SF,22,ATL,23.4,0.402,0.379,0.487,0.9,2.5,1.1,1,0.3,1.3,11.9
Cam Reddish,SF,22,NYK,14.3,0.415,0.258,0.477,0.906,1.4,0.7,0.8,0.3,0.9,6.1
Davon Reed,SG,26,DEN,13.9,0.503,0.43,0.618,0.667,2.3,1.1,0.5,0.2,0.3,4.4
Paul Reed,C,22,PHI,7.9,0.563,0.25,0.573,0.429,2.4,0.4,0.9,0.4,0.3,3.1
Naz Reid,C,22,MIN,15.8,0.489,0.343,0.549,0.765,3.9,0.9,0.5,0.9,1.1,8.3
Nick Richards,C,24,CHO,7.3,0.667,0,0.667,0.698,1.7,0.3,0.2,0.4,0.5,3
Josh Richardson,SG,28,TOT,24.6,0.438,0.415,0.534,0.889,2.8,1.8,0.9,0.4,1,10.2
Josh Richardson,SG,28,BOS,24.7,0.443,0.397,0.534,0.859,2.8,1.5,0.8,0.5,0.9,9.7
Josh Richardson,SG,28,SAS,24.4,0.429,0.444,0.534,0.946,2.9,2.3,1,0.3,1.3,11.4
Austin Rivers,SG,29,DEN,22.1,0.417,0.342,0.53,0.727,1.7,1.3,0.8,0.1,0.8,6
Duncan Robinson,SG,27,MIA,25.9,0.399,0.372,0.559,0.836,2.6,1.6,0.5,0.2,0.8,10.9
Justin Robinson,PG,24,TOT,12.2,0.301,0.295,0.398,0.5,0.8,1.3,0.4,0,0.7,3.1
Justin Robinson,PG,24,MIL,11.6,0.316,0.27,0.404,1,0.8,1.2,0.5,0,0.6,2.8
Justin Robinson,PG,24,SAC,5,0.125,0,0.125,0,0.3,0.7,0,0,0.3,0.7
Justin Robinson,PG,24,DET,18.2,0.321,0.381,0.464,0.333,1.4,1.8,0.2,0.2,1,5.6
Mitchell Robinson,C,23,NYK,25.7,0.761,0,0.761,0.486,8.6,0.5,0.8,1.8,0.8,8.5
Jeremiah Robinson-Earl,C,21,OKC,22.2,0.414,0.352,0.503,0.741,5.6,1,0.6,0.3,0.8,7.5
Isaiah Roby,PF,23,OKC,21.1,0.514,0.444,0.582,0.672,4.8,1.6,0.8,0.8,1,10.1
Rajon Rondo,PG,35,TOT,17.9,0.386,0.352,0.474,0.731,2.8,4.4,0.8,0.2,1.7,4.8
Rajon Rondo,PG,35,LAL,16.1,0.324,0.267,0.38,0.5,2.7,3.7,0.7,0.3,1.9,3.1
Rajon Rondo,PG,35,CLE,19.4,0.429,0.397,0.538,0.75,2.8,4.9,0.9,0,1.6,6.2
Derrick Rose,PG,33,NYK,24.5,0.445,0.402,0.513,0.968,3,4,0.8,0.5,1.5,12
Terrence Ross,SG,30,ORL,23,0.397,0.292,0.467,0.862,2.6,1.8,0.4,0.2,1.2,10
Terry Rozier,SG,27,CHO,33.7,0.444,0.374,0.539,0.852,4.3,4.5,1.3,0.3,1.3,19.3
Ricky Rubio,PG,31,CLE,28.5,0.363,0.339,0.434,0.854,4.1,6.6,1.4,0.2,2.6,13.1
D'Angelo Russell,PG,25,MIN,32,0.411,0.34,0.502,0.825,3.3,7.1,1,0.3,2.5,18.1
Matt Ryan,SF,24,BOS,5,0.2,0.2,0.3,0,0,0,1,0,0,3
Domantas Sabonis,C-PF,25,TOT,34.5,0.573,0.312,0.598,0.741,12.1,5.2,1,0.4,3.1,18.9
Domantas Sabonis,C,25,IND,34.7,0.58,0.324,0.61,0.74,12.1,5,1,0.5,3,18.9
Domantas Sabonis,PF,25,SAC,33.6,0.554,0.235,0.564,0.743,12.3,5.8,0.9,0.3,3.5,18.9
Olivier Sarr,C,22,OKC,19.1,0.574,0.448,0.639,0.828,4.2,0.9,0.3,0.7,1,7
Tomáš Satoranski,SG,30,TOT,16.5,0.377,0.208,0.406,0.796,2.3,3.3,0.5,0.1,0.8,3.6
Tomáš Satoranski,SG,30,NOP,15,0.299,0.161,0.322,0.76,2,2.4,0.4,0,0.7,2.8
Tomáš Satoranski,SG,30,SAS,9,0,0,0,0.75,1,0,0,0,0,3
Tomáš Satoranski,SG,30,WAS,18.9,0.476,0.273,0.512,0.84,2.8,4.9,0.7,0.2,1,4.9
Jordan Schakel,SG,23,WAS,7.5,0.091,0.167,0.136,1,2,0,0.3,0,0.3,1.3
Admiral Schofield,SF,24,ORL,12.3,0.419,0.329,0.519,0.8,2.3,0.7,0.1,0.1,0.6,3.8
Dennis Schröder,SG-PG,28,TOT,28.7,0.431,0.344,0.49,0.853,3.3,4.6,0.8,0.1,2.2,13.5
Dennis Schröder,SG,28,BOS,29.2,0.44,0.349,0.497,0.848,3.3,4.2,0.8,0.1,2.1,14.4
Dennis Schröder,PG,28,HOU,26.9,0.393,0.328,0.461,0.872,3.3,5.9,0.8,0.2,2.6,10.9
Tre Scott,SF,25,CLE,5.5,0.5,0,0.5,0,1,0,0.5,0.5,0,3
Jay Scrubb,SG,21,LAC,6.7,0.391,0.286,0.457,0.7,0.9,0.4,0.2,0.2,0.4,2.7
Wayne Selden,SG,27,NYK,6.3,0.25,0.5,0.375,0.5,0.3,0.3,0,0,0,1.7
Alperen Þengün,C,19,HOU,20.7,0.474,0.248,0.502,0.711,5.5,2.6,0.8,0.9,2,9.6
Collin Sexton,SG,23,CLE,28.7,0.45,0.244,0.487,0.744,3.3,2.1,0.9,0,2.8,16
Landry Shamet,SG,24,PHO,20.8,0.394,0.368,0.521,0.84,1.8,1.6,0.4,0.1,0.6,8.3
Day'Ron Sharpe,PF,20,BRK,12.2,0.577,0.286,0.584,0.585,5,0.5,0.3,0.5,0.9,6.2
Pascal Siakam,PF,27,TOR,37.9,0.494,0.344,0.525,0.749,8.5,5.3,1.3,0.6,2.7,22.8
Chris Silva,PF,25,TOT,9.1,0.533,0,0.533,0.833,3.6,0.7,0,0.1,0.8,2.6
Chris Silva,PF,25,MIN,3,0,0,0,0,1,0,0,0,0,0
Chris Silva,PF,25,MIA,9.8,0.533,0,0.533,0.833,3.9,0.8,0,0.1,0.9,2.9
Marko Simonovic,C,22,CHI,3.9,0.267,0.2,0.3,0.727,1.1,0,0.1,0.1,0.2,1.9
Anfernee Simons,SG,22,POR,29.5,0.443,0.405,0.555,0.888,2.6,3.9,0.5,0.1,2,17.3
Zavier Simpson,PG,24,OKC,43.5,0.365,0.125,0.375,1,5.3,7.5,1.3,1,2.5,11
Jericho Sims,PF,23,NYK,13.5,0.722,0,0.722,0.414,4.1,0.5,0.3,0.5,0.5,2.2
Deividas Sirvydis,SG,21,DET,9,0.1,0.143,0.15,0,2,0.3,1,0.3,0,1
Javonte Smart,PG,22,TOT,11.8,0.317,0.296,0.383,0.833,1.4,0.9,0.4,0.2,0.6,3
Javonte Smart,PG,22,MIL,12.3,0.256,0.222,0.302,0.833,1.5,1.1,0.3,0.2,0.7,2.4
Javonte Smart,PG,22,MIA,10,0.471,0.444,0.588,0,1.3,0.5,0.5,0.3,0.5,5
Marcus Smart,PG,27,BOS,32.3,0.418,0.331,0.501,0.793,3.8,5.9,1.7,0.3,2.2,12.1
Dennis Smith Jr.,PG,24,POR,17.2,0.418,0.222,0.434,0.656,2.4,3.6,1.2,0.3,1.4,5.6
Ish Smith,PG,33,TOT,17.3,0.43,0.373,0.459,0.625,2.2,3.8,0.7,0.4,1.2,6.3
Ish Smith,PG,33,CHO,13.8,0.395,0.4,0.422,0.632,1.5,2.6,0.5,0.3,1,4.5
Ish Smith,PG,33,WAS,22,0.457,0.357,0.488,0.6,3,5.2,1,0.5,1.5,8.6
Jalen Smith,PF,21,TOT,18.1,0.503,0.328,0.56,0.765,6,0.5,0.3,0.8,0.8,9.2
Jalen Smith,PF,21,PHO,13.2,0.46,0.231,0.493,0.769,4.8,0.2,0.2,0.6,0.8,6
Jalen Smith,PF,21,IND,24.7,0.531,0.373,0.603,0.76,7.6,0.8,0.4,1,0.9,13.4
Xavier Sneed,SF,24,TOT,4.3,0.2,0.125,0.25,0,0.7,0.1,0,0,0,0.6
Xavier Sneed,SF,24,MEM,4,0,0,0,0,1,0,0,0,0,0
Xavier Sneed,SF,24,UTA,4.4,0.25,0.167,0.313,0,0.6,0.1,0,0,0,0.7
Tony Snell,SG,30,TOT,15.5,0.404,0.352,0.535,1,1.9,0.5,0.3,0.2,0.4,3.5
Tony Snell,SG,30,POR,14.4,0.371,0.32,0.495,1,1.9,0.5,0.2,0.2,0.3,2.6
Tony Snell,SG,30,NOP,18.5,0.446,0.396,0.588,1,2.1,0.5,0.5,0.1,0.5,5.9
Jaden Springer,SG,19,PHI,3,1,0,1,0,1,0,0,1,0.5,1
Cassius Stanley,SG,22,DET,17.2,0.413,0.235,0.457,1,2.1,0.4,0.6,0.2,0.7,5.8
Nik Stauskas,SG,28,TOT,4.9,0.357,0.4,0.5,0.667,0.4,0.3,0,0,0.1,2.3
Nik Stauskas,SG,28,MIA,12,0.375,0.5,0.5,0.75,1.5,0.5,0,0,0,5.5
Nik Stauskas,SG,28,BOS,2.5,0.333,0.333,0.5,0.5,0,0.2,0,0,0.2,1.2
Lance Stephenson,SG-SF,31,TOT,17.7,0.455,0.3,0.497,0.788,2.8,3.6,0.5,0.1,1.6,8.3
Lance Stephenson,SF,31,ATL,11.7,0.385,0,0.385,0.5,2.5,1.8,0,0,0.7,1.8
Lance Stephenson,SG,31,IND,18.6,0.458,0.31,0.502,0.795,2.8,3.9,0.6,0.1,1.7,9.3
Lamar Stevens,PF,24,CLE,16.1,0.489,0.277,0.517,0.707,2.6,0.7,0.5,0.3,0.7,6.1
Isaiah Stewart,C,20,DET,25.6,0.51,0.326,0.526,0.718,8.7,1.2,0.3,1.1,1.2,8.3
Max Strus,SF,25,MIA,23.3,0.441,0.41,0.602,0.792,3,1.4,0.4,0.2,0.8,10.6
Jalen Suggs,PG,20,ORL,27.2,0.361,0.214,0.4,0.773,3.6,4.4,1.2,0.4,3,11.8
Craig Sword,SG,28,WAS,6.3,0.75,0,0.75,0,0,0.3,1.3,0,0.3,2
Keifer Sykes,PG,28,IND,17.7,0.363,0.3,0.434,0.882,1.4,1.9,0.4,0.1,1,5.6
Jae'Sean Tate,SF,26,HOU,26.4,0.498,0.312,0.541,0.707,5.4,2.8,0.9,0.5,1.8,11.8
Jayson Tatum,SF,23,BOS,35.9,0.453,0.353,0.526,0.853,8,4.4,1,0.6,2.9,26.9
Terry Taylor,SG,22,IND,21.6,0.614,0.316,0.641,0.706,5.2,1.2,0.4,0.2,0.7,9.6
Garrett Temple,SG,35,NOP,18.6,0.376,0.319,0.476,0.683,2.4,1.3,0.7,0.4,0.7,5.2
Emanuel Terry,PF,25,PHO,6,0,0,0,0,5,0.7,0.3,0,1.7,0
Tyrell Terry,PG,21,MEM,1.5,1,0,1,0,0,0,0,0,0,1
Jon Teske,C,24,MEM,2.7,0,0,0,0,0.7,0.3,0.3,0,0,0
Daniel Theis,C,29,TOT,20.8,0.519,0.308,0.576,0.681,4.9,0.9,0.4,0.7,1,8.2
Daniel Theis,C,29,HOU,22.5,0.469,0.291,0.534,0.675,5,0.8,0.4,0.7,1.2,8.4
Daniel Theis,C,29,BOS,18.7,0.598,0.357,0.643,0.688,4.7,1,0.4,0.7,0.7,7.9
Brodric Thomas,SG,25,BOS,5,0.444,0.222,0.5,0.6,0.8,0.9,0.1,0.1,0.5,1.8
Cam Thomas,SG,20,BRK,17.6,0.433,0.27,0.48,0.829,2.4,1.2,0.5,0.1,0.8,8.5
Isaiah Thomas,PG,32,TOT,15.1,0.401,0.337,0.485,0.846,1.3,1.5,0.3,0.2,0.7,8.4
Isaiah Thomas,PG,32,LAL,25.3,0.308,0.227,0.372,0.727,2,1.5,0,0.5,1.3,9.3
Isaiah Thomas,PG,32,DAL,13,0.375,0,0.375,0,0,4,0,0,0,6
Isaiah Thomas,PG,32,CHO,12.9,0.433,0.397,0.529,0.933,1.2,1.4,0.4,0.2,0.6,8.3
Matt Thomas,SG,27,CHI,11.5,0.41,0.385,0.541,0.8,1.3,0.5,0.2,0.1,0.2,4
Klay Thompson,SG,31,GSW,29.4,0.429,0.385,0.529,0.902,3.9,2.8,0.5,0.5,1.3,20.4
Tristan Thompson,PF,30,TOT,15.7,0.528,0.333,0.53,0.526,5.1,0.6,0.4,0.4,0.8,6
Tristan Thompson,PF,30,SAC,15.2,0.503,1,0.507,0.533,5.4,0.6,0.4,0.4,1,6.2
Tristan Thompson,PF,30,IND,16.5,0.542,0,0.542,0.375,4.5,0.5,0,0.5,1,7.3
Tristan Thompson,PF,30,CHI,16.3,0.565,0,0.565,0.542,4.7,0.6,0.5,0.3,0.5,5.7
JT Thor,PF,19,CHO,7.9,0.436,0.259,0.5,0.6,1.3,0.6,0.2,0.3,0.3,2
Matisse Thybulle,SG,24,PHI,25.5,0.5,0.313,0.575,0.791,2.3,1.1,1.7,1.1,0.6,5.7
Killian Tillie,C,23,MEM,12.8,0.339,0.314,0.445,0.625,1.7,0.6,0.6,0.4,0.4,3.3
Xavier Tillman Sr.,PF,23,MEM,13.2,0.454,0.204,0.477,0.648,3,1.2,0.9,0.3,0.6,4.8
Isaiah Todd,PF,20,WAS,6.2,0.269,0.25,0.346,0.333,1,0.3,0.3,0.2,0.3,1.7
Obi Toppin,PF,23,NYK,17.1,0.531,0.308,0.586,0.758,3.7,1.1,0.3,0.5,0.8,9
Juan Toscano-Anderson,SF,28,GSW,13.6,0.489,0.322,0.549,0.571,2.4,1.7,0.7,0.2,0.9,4.1
Karl-Anthony Towns,C,26,MIN,33.5,0.529,0.41,0.591,0.822,9.8,3.6,1,1.1,3.1,24.6
Gary Trent Jr.,SG,23,TOR,35,0.414,0.383,0.511,0.853,2.7,2,1.7,0.3,1,18.3
P.J. Tucker,PF,36,MIA,27.9,0.484,0.415,0.577,0.738,5.5,2.1,0.8,0.2,0.9,7.6
Rayjon Tucker,SG,24,TOT,14.2,0.667,0.8,0.889,0.714,1.6,2,0.8,0,0.2,4.2
Rayjon Tucker,SG,24,DEN,9.7,0.5,0.5,0.75,0.75,1.3,1.3,0.3,0,0,2
Rayjon Tucker,SG,24,MIL,21,0.714,1,0.929,0.667,2,3,1.5,0,0.5,7.5
Myles Turner,C,25,IND,29.4,0.509,0.333,0.587,0.752,7.1,1,0.7,2.8,1.3,12.9
Jonas Valanciunas,C,29,NOP,30.3,0.544,0.361,0.574,0.82,11.4,2.6,0.6,0.8,2.4,17.8
Denzel Valentine,SG,28,TOT,9.3,0.379,0.404,0.523,0,1.8,0.5,0.3,0,0.5,2.9
Denzel Valentine,SG,28,CLE,9.3,0.371,0.409,0.516,0,1.7,0.5,0.3,0,0.5,2.9
Denzel Valentine,SG,28,UTA,9,0.5,0.333,0.625,0,2,0,0.5,0,1,2.5
Jarred Vanderbilt,PF,22,MIN,25.4,0.587,0.143,0.59,0.656,8.4,1.3,1.3,0.6,1,6.9
Fred VanVleet,PG,27,TOR,37.9,0.403,0.377,0.513,0.874,4.4,6.7,1.7,0.5,2.6,20.3
Devin Vassell,SF,21,SAS,27.3,0.427,0.361,0.516,0.838,4.3,1.9,1.1,0.6,0.8,12.3
Gabe Vincent,PG,25,MIA,23.4,0.417,0.368,0.533,0.815,1.9,3.1,0.9,0.2,1.4,8.7
Nikola Vucevic,C,31,CHI,33.1,0.473,0.314,0.518,0.76,11,3.2,1,1,1.9,17.6
Dean Wade,PF,25,CLE,19.2,0.456,0.359,0.574,0.667,2.9,1,0.6,0.1,0.3,5.3
Franz Wagner,SF,20,ORL,30.7,0.468,0.354,0.517,0.863,4.5,2.9,0.9,0.4,1.5,15.2
Moritz Wagner,C,24,ORL,15.2,0.497,0.328,0.581,0.806,3.7,1.4,0.3,0.2,0.9,9
Ish Wainright,PF,27,PHO,8,0.394,0.322,0.486,0.583,1.2,0.3,0.4,0.1,0.3,2.4
Kemba Walker,PG,31,NYK,25.6,0.403,0.367,0.501,0.845,3,3.5,0.7,0.2,1.3,11.6
Lonnie Walker IV,SG,23,SAS,23,0.407,0.314,0.48,0.784,2.6,2.2,0.6,0.3,1,12.1
M.J. Walker,SG,23,PHO,4,0,0,0,0,0.5,0.5,1,0,0,0
Tyrone Wallace,SG,27,NOP,12.5,0.35,0.25,0.4,0.2,1.3,0.2,0.5,0.2,0.3,2.8
Derrick Walton,PG,26,DET,36,0.231,0.231,0.288,1,3.3,7,2.3,1.3,3.7,6.3
Brad Wanamaker,PG,32,TOT,13.9,0.364,0.235,0.39,0.92,1.7,2.4,0.3,0.3,1,3.6
Brad Wanamaker,PG,32,IND,13.3,0.361,0.235,0.389,0.909,1.6,2.2,0.2,0.3,1,3.5
Brad Wanamaker,PG,32,WAS,27,0.4,0,0.4,1,4,7,2,0,0,7
Duane Washington Jr.,PG,21,IND,20.2,0.405,0.377,0.5,0.754,1.7,1.8,0.5,0.1,1.2,9.9
P.J. Washington,PF,23,CHO,27.2,0.47,0.365,0.573,0.716,5.2,2.3,0.9,0.9,1.3,10.3
Yuta Watanabe,SF,27,TOR,11.7,0.406,0.342,0.504,0.6,2.4,0.6,0.3,0.4,0.5,4.3
Lindy Waters III,SG,24,OKC,18.6,0.406,0.363,0.557,0.8,2.9,1,0.8,0.3,0.4,8
Tremont Waters,PG,24,TOT,16.7,0.286,0.222,0.357,0,1.3,2.3,1.7,0,1.3,3.3
Tremont Waters,PG,24,TOR,21,0.25,0.222,0.333,0,2,3.5,2,0,2,4
Tremont Waters,PG,24,WAS,8,0.5,0,0.5,0,0,0,1,0,0,2
Trendon Watford,SF,21,POR,18.1,0.532,0.237,0.549,0.755,4.1,1.7,0.5,0.6,0.9,7.6
Paul Watson,SF,27,OKC,17.3,0.343,0.231,0.429,0.5,3,0.9,0.3,0.3,0.4,3.4
Quinndary Weatherspoon,SG,25,GSW,6.6,0.571,0.2,0.595,1,1.3,0.5,0.1,0.1,0.3,2.7
Russell Westbrook,PG,33,LAL,34.3,0.444,0.298,0.476,0.667,7.4,7.1,1,0.3,3.8,18.5
Coby White,PG,21,CHI,27.5,0.433,0.385,0.539,0.857,3,2.9,0.5,0.2,1.1,12.7
Derrick White,SG,27,TOT,29.3,0.421,0.312,0.493,0.864,3.5,4.9,0.9,0.8,1.6,13.2
Derrick White,SG,27,SAS,30.3,0.426,0.314,0.497,0.869,3.5,5.6,1,0.9,1.8,14.4
Derrick White,SG,27,BOS,27.4,0.409,0.306,0.483,0.853,3.4,3.5,0.6,0.6,1.2,11
Hassan Whiteside,C,32,UTA,17.9,0.652,0,0.652,0.623,7.6,0.4,0.3,1.6,0.8,8.2
Joe Wieskamp,SG,22,SAS,7.1,0.357,0.326,0.482,0.538,0.5,0.3,0.1,0.1,0.1,2.1
Aaron Wiggins,SG,23,OKC,24.2,0.463,0.304,0.525,0.729,3.6,1.4,0.6,0.2,1.1,8.3
Andrew Wiggins,SF,26,GSW,31.9,0.466,0.393,0.543,0.634,4.5,2.2,1,0.7,1.5,17.2
Lindell Wigginton,PG,23,MIL,10.5,0.426,0.346,0.5,0.543,1.3,1.2,0.3,0.1,0.6,4.2
Brandon Williams,PG,22,POR,26.7,0.372,0.292,0.427,0.701,3.1,3.9,1,0.4,2.4,12.9
Grant Williams,PF,23,BOS,24.4,0.475,0.411,0.597,0.905,3.6,1,0.5,0.7,0.8,7.8
Kenrich Williams,SF,27,OKC,21.9,0.461,0.339,0.525,0.545,4.5,2.2,0.9,0.2,0.9,7.4
Lou Williams,PG,35,ATL,14.3,0.391,0.363,0.448,0.859,1.6,1.9,0.5,0.1,0.8,6.3
Patrick Williams,PF,20,CHI,24.8,0.529,0.517,0.603,0.732,4.1,0.9,0.5,0.5,0.9,9
Robert Williams,C,24,BOS,29.6,0.736,0,0.736,0.722,9.6,2,0.9,2.2,1,10
Ziaire Williams,SF,20,MEM,21.7,0.45,0.314,0.54,0.782,2.1,1,0.6,0.2,0.7,8.1
D.J. Wilson,PF,25,TOR,13.5,0.733,0,0.733,0.8,4,1.3,1.3,0.3,0.5,7.5
Dylan Windler,SF,25,CLE,9.2,0.378,0.3,0.485,0.833,1.8,0.7,0.3,0.1,0.3,2.2
Justise Winslow,SF,25,TOT,16.1,0.428,0.227,0.457,0.591,4.2,1.8,0.7,0.5,1,5.7
Justise Winslow,SF,25,LAC,12.9,0.447,0.172,0.465,0.61,3.6,1.4,0.6,0.5,1,4.2
Justise Winslow,SF,25,POR,26.8,0.405,0.27,0.448,0.56,6.3,2.9,1.3,0.6,1.1,10.7
Cassius Winston,PG,23,WAS,5.6,0.364,0.333,0.455,1,0.1,1,0,0,0.4,2
Christian Wood,C,26,HOU,30.8,0.501,0.39,0.576,0.623,10.1,2.3,0.8,1,1.9,17.9
Robert Woodard II,SF,22,SAC,3.5,0.125,0.25,0.156,1,0.9,0.3,0.1,0.1,0.1,0.6
Delon Wright,SG,29,ATL,18.9,0.454,0.379,0.535,0.857,2.9,2.4,1.2,0.2,0.6,4.4
McKinley Wright IV,PG,23,MIN,3.8,0.667,0.5,0.833,0,0,0.6,0,0,0.2,1
Moses Wright,PF,23,TOT,3.5,0.25,0,0.25,1,0.8,0.5,0,0.3,0,1.3
Moses Wright,PF,23,LAC,1,0,0,0,0,0,1,0,0,0,0
Moses Wright,PF,23,DAL,4.3,0.25,0,0.25,1,1,0.3,0,0.3,0,1.7
Gabe York,SG,28,IND,10.5,0.286,0.167,0.357,0.6,1,2,1,0.5,0.5,4
Thaddeus Young,PF,33,TOT,16.3,0.518,0.354,0.55,0.469,4,2,1,0.3,1,6.2
Thaddeus Young,PF,33,SAS,14.2,0.578,0,0.578,0.455,3.6,2.3,0.9,0.3,1.2,6.1
Thaddeus Young,PF,33,TOR,18.3,0.465,0.395,0.524,0.481,4.4,1.7,1.2,0.4,0.8,6.3
Trae Young,PG,23,ATL,34.9,0.46,0.382,0.536,0.904,3.7,9.7,0.9,0.1,4,28.4
Omer Yurtseven,C,23,MIA,12.6,0.526,0.091,0.528,0.623,5.3,0.9,0.3,0.4,0.7,5.3
Cody Zeller,C,29,POR,13.1,0.567,0,0.567,0.776,4.6,0.8,0.3,0.2,0.7,5.2
Ivica Zubac,C,24,LAC,24.4,0.626,0,0.626,0.727,8.5,1.6,0.5,1,1.5,10.3